example,domain,task,n,p,n_classes,pca_99,k,family,representation,probe,score,fit_seconds
modernbert_sst2,transformer NLP,classification,4000,1536,2,1206,1536,all,all features,linear,0.7113,0.0
modernbert_sst2,transformer NLP,classification,4000,1536,2,1206,1536,all,all features,knn,0.66,0.0
modernbert_sst2,transformer NLP,classification,4000,1536,2,1206,1536,all,all features,svm,0.7712,0.0
modernbert_sst2,transformer NLP,classification,4000,1536,2,1206,1206,select,select:vote,linear,0.7125,189.68
modernbert_sst2,transformer NLP,classification,4000,1536,2,1206,1206,select,select:vote,knn,0.6613,189.68
modernbert_sst2,transformer NLP,classification,4000,1536,2,1206,1206,select,select:vote,svm,0.7712,189.68
modernbert_sst2,transformer NLP,classification,4000,1536,2,1206,1206,select,select:rf,linear,0.7175,189.68
modernbert_sst2,transformer NLP,classification,4000,1536,2,1206,1206,select,select:rf,knn,0.67,189.68
modernbert_sst2,transformer NLP,classification,4000,1536,2,1206,1206,select,select:rf,svm,0.7725,189.68
modernbert_sst2,transformer NLP,classification,4000,1536,2,1206,1206,select,select:xg,linear,0.7013,189.68
modernbert_sst2,transformer NLP,classification,4000,1536,2,1206,1206,select,select:xg,knn,0.66,189.68
modernbert_sst2,transformer NLP,classification,4000,1536,2,1206,1206,select,select:xg,svm,0.7712,189.68
modernbert_sst2,transformer NLP,classification,4000,1536,2,1206,1206,select,select:mi,linear,0.6987,189.68
modernbert_sst2,transformer NLP,classification,4000,1536,2,1206,1206,select,select:mi,knn,0.6538,189.68
modernbert_sst2,transformer NLP,classification,4000,1536,2,1206,1206,select,select:mi,svm,0.7825,189.68
modernbert_sst2,transformer NLP,classification,4000,1536,2,1206,1206,select,select:f_test,linear,0.68,189.68
modernbert_sst2,transformer NLP,classification,4000,1536,2,1206,1206,select,select:f_test,knn,0.6562,189.68
modernbert_sst2,transformer NLP,classification,4000,1536,2,1206,1206,select,select:f_test,svm,0.7675,189.68
modernbert_sst2,transformer NLP,classification,4000,1536,2,1206,1206,select,select:l1,linear,0.7125,189.68
modernbert_sst2,transformer NLP,classification,4000,1536,2,1206,1206,select,select:l1,knn,0.6575,189.68
modernbert_sst2,transformer NLP,classification,4000,1536,2,1206,1206,select,select:l1,svm,0.7712,189.68
modernbert_sst2,transformer NLP,classification,4000,1536,2,1206,1206,dr,dr:PCA,linear,0.6925,2.4
modernbert_sst2,transformer NLP,classification,4000,1536,2,1206,1206,dr,dr:PCA,knn,0.5763,2.4
modernbert_sst2,transformer NLP,classification,4000,1536,2,1206,1206,dr,dr:PCA,svm,0.7425,2.4
modernbert_sst2,transformer NLP,classification,4000,1536,2,1206,1206,dr,dr:RandProj,linear,0.7087,0.03
modernbert_sst2,transformer NLP,classification,4000,1536,2,1206,1206,dr,dr:RandProj,knn,0.6388,0.03
modernbert_sst2,transformer NLP,classification,4000,1536,2,1206,1206,dr,dr:RandProj,svm,0.7662,0.03
modernbert_sst2,transformer NLP,classification,4000,1536,2,1206,603,select,select:vote,linear,0.7163,189.68
modernbert_sst2,transformer NLP,classification,4000,1536,2,1206,603,select,select:vote,knn,0.6713,189.68
modernbert_sst2,transformer NLP,classification,4000,1536,2,1206,603,select,select:vote,svm,0.7712,189.68
modernbert_sst2,transformer NLP,classification,4000,1536,2,1206,603,select,select:rf,linear,0.7225,189.68
modernbert_sst2,transformer NLP,classification,4000,1536,2,1206,603,select,select:rf,knn,0.6825,189.68
modernbert_sst2,transformer NLP,classification,4000,1536,2,1206,603,select,select:rf,svm,0.7738,189.68
modernbert_sst2,transformer NLP,classification,4000,1536,2,1206,603,select,select:xg,linear,0.7113,189.68
modernbert_sst2,transformer NLP,classification,4000,1536,2,1206,603,select,select:xg,knn,0.6763,189.68
modernbert_sst2,transformer NLP,classification,4000,1536,2,1206,603,select,select:xg,svm,0.7625,189.68
modernbert_sst2,transformer NLP,classification,4000,1536,2,1206,603,select,select:mi,linear,0.7312,189.68
modernbert_sst2,transformer NLP,classification,4000,1536,2,1206,603,select,select:mi,knn,0.67,189.68
modernbert_sst2,transformer NLP,classification,4000,1536,2,1206,603,select,select:mi,svm,0.77,189.68
modernbert_sst2,transformer NLP,classification,4000,1536,2,1206,603,select,select:f_test,linear,0.7013,189.68
modernbert_sst2,transformer NLP,classification,4000,1536,2,1206,603,select,select:f_test,knn,0.6625,189.68
modernbert_sst2,transformer NLP,classification,4000,1536,2,1206,603,select,select:f_test,svm,0.7662,189.68
modernbert_sst2,transformer NLP,classification,4000,1536,2,1206,603,select,select:l1,linear,0.72,189.68
modernbert_sst2,transformer NLP,classification,4000,1536,2,1206,603,select,select:l1,knn,0.6675,189.68
modernbert_sst2,transformer NLP,classification,4000,1536,2,1206,603,select,select:l1,svm,0.7738,189.68
modernbert_sst2,transformer NLP,classification,4000,1536,2,1206,603,dr,dr:PCA,linear,0.73,1.33
modernbert_sst2,transformer NLP,classification,4000,1536,2,1206,603,dr,dr:PCA,knn,0.6088,1.33
modernbert_sst2,transformer NLP,classification,4000,1536,2,1206,603,dr,dr:PCA,svm,0.7562,1.33
modernbert_sst2,transformer NLP,classification,4000,1536,2,1206,603,dr,dr:RandProj,linear,0.73,0.04
modernbert_sst2,transformer NLP,classification,4000,1536,2,1206,603,dr,dr:RandProj,knn,0.6212,0.04
modernbert_sst2,transformer NLP,classification,4000,1536,2,1206,603,dr,dr:RandProj,svm,0.7362,0.04
modernbert_sst2,transformer NLP,classification,4000,1536,2,1206,301,select,select:vote,linear,0.7388,189.68
modernbert_sst2,transformer NLP,classification,4000,1536,2,1206,301,select,select:vote,knn,0.6975,189.68
modernbert_sst2,transformer NLP,classification,4000,1536,2,1206,301,select,select:vote,svm,0.7662,189.68
modernbert_sst2,transformer NLP,classification,4000,1536,2,1206,301,select,select:rf,linear,0.74,189.68
modernbert_sst2,transformer NLP,classification,4000,1536,2,1206,301,select,select:rf,knn,0.685,189.68
modernbert_sst2,transformer NLP,classification,4000,1536,2,1206,301,select,select:rf,svm,0.7662,189.68
modernbert_sst2,transformer NLP,classification,4000,1536,2,1206,301,select,select:xg,linear,0.7362,189.68
modernbert_sst2,transformer NLP,classification,4000,1536,2,1206,301,select,select:xg,knn,0.6763,189.68
modernbert_sst2,transformer NLP,classification,4000,1536,2,1206,301,select,select:xg,svm,0.7612,189.68
modernbert_sst2,transformer NLP,classification,4000,1536,2,1206,301,select,select:mi,linear,0.7013,189.68
modernbert_sst2,transformer NLP,classification,4000,1536,2,1206,301,select,select:mi,knn,0.6625,189.68
modernbert_sst2,transformer NLP,classification,4000,1536,2,1206,301,select,select:mi,svm,0.745,189.68
modernbert_sst2,transformer NLP,classification,4000,1536,2,1206,301,select,select:f_test,linear,0.73,189.68
modernbert_sst2,transformer NLP,classification,4000,1536,2,1206,301,select,select:f_test,knn,0.6625,189.68
modernbert_sst2,transformer NLP,classification,4000,1536,2,1206,301,select,select:f_test,svm,0.755,189.68
modernbert_sst2,transformer NLP,classification,4000,1536,2,1206,301,select,select:l1,linear,0.755,189.68
modernbert_sst2,transformer NLP,classification,4000,1536,2,1206,301,select,select:l1,knn,0.7013,189.68
modernbert_sst2,transformer NLP,classification,4000,1536,2,1206,301,select,select:l1,svm,0.7725,189.68
modernbert_sst2,transformer NLP,classification,4000,1536,2,1206,301,dr,dr:PCA,linear,0.7612,1.0
modernbert_sst2,transformer NLP,classification,4000,1536,2,1206,301,dr,dr:PCA,knn,0.6512,1.0
modernbert_sst2,transformer NLP,classification,4000,1536,2,1206,301,dr,dr:PCA,svm,0.7725,1.0
modernbert_sst2,transformer NLP,classification,4000,1536,2,1206,301,dr,dr:RandProj,linear,0.7325,0.02
modernbert_sst2,transformer NLP,classification,4000,1536,2,1206,301,dr,dr:RandProj,knn,0.6475,0.02
modernbert_sst2,transformer NLP,classification,4000,1536,2,1206,301,dr,dr:RandProj,svm,0.7262,0.02
modernbert_sst2,transformer NLP,classification,4000,1536,2,1206,10,select,select:vote,linear,0.66,189.68
modernbert_sst2,transformer NLP,classification,4000,1536,2,1206,10,select,select:vote,knn,0.6288,189.68
modernbert_sst2,transformer NLP,classification,4000,1536,2,1206,10,select,select:vote,svm,0.6575,189.68
modernbert_sst2,transformer NLP,classification,4000,1536,2,1206,10,select,select:rf,linear,0.6663,189.68
modernbert_sst2,transformer NLP,classification,4000,1536,2,1206,10,select,select:rf,knn,0.6375,189.68
modernbert_sst2,transformer NLP,classification,4000,1536,2,1206,10,select,select:rf,svm,0.6625,189.68
modernbert_sst2,transformer NLP,classification,4000,1536,2,1206,10,select,select:xg,linear,0.67,189.68
modernbert_sst2,transformer NLP,classification,4000,1536,2,1206,10,select,select:xg,knn,0.61,189.68
modernbert_sst2,transformer NLP,classification,4000,1536,2,1206,10,select,select:xg,svm,0.6562,189.68
modernbert_sst2,transformer NLP,classification,4000,1536,2,1206,10,select,select:mi,linear,0.595,189.68
modernbert_sst2,transformer NLP,classification,4000,1536,2,1206,10,select,select:mi,knn,0.595,189.68
modernbert_sst2,transformer NLP,classification,4000,1536,2,1206,10,select,select:mi,svm,0.6188,189.68
modernbert_sst2,transformer NLP,classification,4000,1536,2,1206,10,select,select:f_test,linear,0.675,189.68
modernbert_sst2,transformer NLP,classification,4000,1536,2,1206,10,select,select:f_test,knn,0.6238,189.68
modernbert_sst2,transformer NLP,classification,4000,1536,2,1206,10,select,select:f_test,svm,0.6687,189.68
modernbert_sst2,transformer NLP,classification,4000,1536,2,1206,10,select,select:l1,linear,0.675,189.68
modernbert_sst2,transformer NLP,classification,4000,1536,2,1206,10,select,select:l1,knn,0.6238,189.68
modernbert_sst2,transformer NLP,classification,4000,1536,2,1206,10,select,select:l1,svm,0.6687,189.68
modernbert_sst2,transformer NLP,classification,4000,1536,2,1206,10,dr,dr:PCA,linear,0.6488,0.06
modernbert_sst2,transformer NLP,classification,4000,1536,2,1206,10,dr,dr:PCA,knn,0.5975,0.06
modernbert_sst2,transformer NLP,classification,4000,1536,2,1206,10,dr,dr:PCA,svm,0.6512,0.06
modernbert_sst2,transformer NLP,classification,4000,1536,2,1206,10,dr,dr:RandProj,linear,0.5975,0.0
modernbert_sst2,transformer NLP,classification,4000,1536,2,1206,10,dr,dr:RandProj,knn,0.5587,0.0
modernbert_sst2,transformer NLP,classification,4000,1536,2,1206,10,dr,dr:RandProj,svm,0.5975,0.0
modernbert_sst2,transformer NLP,classification,4000,1536,2,1206,10,dr,dr:ICA,linear,0.6488,0.62
modernbert_sst2,transformer NLP,classification,4000,1536,2,1206,10,dr,dr:ICA,knn,0.5913,0.62
modernbert_sst2,transformer NLP,classification,4000,1536,2,1206,10,dr,dr:ICA,svm,0.65,0.62
modernbert_sst2,transformer NLP,classification,4000,1536,2,1206,10,dr,dr:KernelPCA,linear,0.6438,0.92
modernbert_sst2,transformer NLP,classification,4000,1536,2,1206,10,dr,dr:KernelPCA,knn,0.5787,0.92
modernbert_sst2,transformer NLP,classification,4000,1536,2,1206,10,dr,dr:KernelPCA,svm,0.63,0.92
modernbert_sst2,transformer NLP,classification,4000,1536,2,1206,10,dr,dr:Isomap,linear,0.6088,1.54
modernbert_sst2,transformer NLP,classification,4000,1536,2,1206,10,dr,dr:Isomap,knn,0.57,1.54
modernbert_sst2,transformer NLP,classification,4000,1536,2,1206,10,dr,dr:Isomap,svm,0.615,1.54
modernbert_sst2,transformer NLP,classification,4000,1536,2,1206,10,dr,dr:UMAP,linear,0.6475,22.41
modernbert_sst2,transformer NLP,classification,4000,1536,2,1206,10,dr,dr:UMAP,knn,0.5787,22.41
modernbert_sst2,transformer NLP,classification,4000,1536,2,1206,10,dr,dr:UMAP,svm,0.6438,22.41
modernbert_sst2,transformer NLP,classification,4000,1536,2,1206,10,dr,dr:t-SNE,linear,0.6038,86.09
modernbert_sst2,transformer NLP,classification,4000,1536,2,1206,10,dr,dr:t-SNE,knn,0.5687,86.09
modernbert_sst2,transformer NLP,classification,4000,1536,2,1206,10,dr,dr:t-SNE,svm,0.6338,86.09
modernbert_sst2,transformer NLP,classification,4000,1536,2,1206,1,select,select:vote,linear,0.5875,189.68
modernbert_sst2,transformer NLP,classification,4000,1536,2,1206,1,select,select:vote,knn,0.5487,189.68
modernbert_sst2,transformer NLP,classification,4000,1536,2,1206,1,select,select:vote,svm,0.585,189.68
modernbert_sst2,transformer NLP,classification,4000,1536,2,1206,1,select,select:rf,linear,0.585,189.68
modernbert_sst2,transformer NLP,classification,4000,1536,2,1206,1,select,select:rf,knn,0.525,189.68
modernbert_sst2,transformer NLP,classification,4000,1536,2,1206,1,select,select:rf,svm,0.5737,189.68
modernbert_sst2,transformer NLP,classification,4000,1536,2,1206,1,select,select:xg,linear,0.5875,189.68
modernbert_sst2,transformer NLP,classification,4000,1536,2,1206,1,select,select:xg,knn,0.5487,189.68
modernbert_sst2,transformer NLP,classification,4000,1536,2,1206,1,select,select:xg,svm,0.585,189.68
modernbert_sst2,transformer NLP,classification,4000,1536,2,1206,1,select,select:mi,linear,0.5375,189.68
modernbert_sst2,transformer NLP,classification,4000,1536,2,1206,1,select,select:mi,knn,0.5188,189.68
modernbert_sst2,transformer NLP,classification,4000,1536,2,1206,1,select,select:mi,svm,0.5363,189.68
modernbert_sst2,transformer NLP,classification,4000,1536,2,1206,1,select,select:f_test,linear,0.5825,189.68
modernbert_sst2,transformer NLP,classification,4000,1536,2,1206,1,select,select:f_test,knn,0.505,189.68
modernbert_sst2,transformer NLP,classification,4000,1536,2,1206,1,select,select:f_test,svm,0.5887,189.68
modernbert_sst2,transformer NLP,classification,4000,1536,2,1206,1,select,select:l1,linear,0.585,189.68
modernbert_sst2,transformer NLP,classification,4000,1536,2,1206,1,select,select:l1,knn,0.525,189.68
modernbert_sst2,transformer NLP,classification,4000,1536,2,1206,1,select,select:l1,svm,0.5737,189.68
modernbert_sst2,transformer NLP,classification,4000,1536,2,1206,1,dr,dr:PCA,linear,0.5625,0.02
modernbert_sst2,transformer NLP,classification,4000,1536,2,1206,1,dr,dr:PCA,knn,0.5012,0.02
modernbert_sst2,transformer NLP,classification,4000,1536,2,1206,1,dr,dr:PCA,svm,0.555,0.02
modernbert_sst2,transformer NLP,classification,4000,1536,2,1206,1,dr,dr:RandProj,linear,0.55,0.01
modernbert_sst2,transformer NLP,classification,4000,1536,2,1206,1,dr,dr:RandProj,knn,0.4825,0.01
modernbert_sst2,transformer NLP,classification,4000,1536,2,1206,1,dr,dr:RandProj,svm,0.5513,0.01
modernbert_sst2,transformer NLP,classification,4000,1536,2,1206,1,dr,dr:ICA,linear,0.5625,0.5
modernbert_sst2,transformer NLP,classification,4000,1536,2,1206,1,dr,dr:ICA,knn,0.5012,0.5
modernbert_sst2,transformer NLP,classification,4000,1536,2,1206,1,dr,dr:ICA,svm,0.555,0.5
modernbert_sst2,transformer NLP,classification,4000,1536,2,1206,1,dr,dr:KernelPCA,linear,0.5575,0.81
modernbert_sst2,transformer NLP,classification,4000,1536,2,1206,1,dr,dr:KernelPCA,knn,0.52,0.81
modernbert_sst2,transformer NLP,classification,4000,1536,2,1206,1,dr,dr:KernelPCA,svm,0.5787,0.81
modernbert_sst2,transformer NLP,classification,4000,1536,2,1206,1,dr,dr:Isomap,linear,0.565,1.69
modernbert_sst2,transformer NLP,classification,4000,1536,2,1206,1,dr,dr:Isomap,knn,0.5262,1.69
modernbert_sst2,transformer NLP,classification,4000,1536,2,1206,1,dr,dr:Isomap,svm,0.5787,1.69
modernbert_sst2,transformer NLP,classification,4000,1536,2,1206,1,dr,dr:UMAP,linear,0.5563,12.86
modernbert_sst2,transformer NLP,classification,4000,1536,2,1206,1,dr,dr:UMAP,knn,0.5162,12.86
modernbert_sst2,transformer NLP,classification,4000,1536,2,1206,1,dr,dr:UMAP,svm,0.5737,12.86
modernbert_sst2,transformer NLP,classification,4000,1536,2,1206,1,dr,dr:t-SNE,linear,0.5587,1.15
modernbert_sst2,transformer NLP,classification,4000,1536,2,1206,1,dr,dr:t-SNE,knn,0.5337,1.15
modernbert_sst2,transformer NLP,classification,4000,1536,2,1206,1,dr,dr:t-SNE,svm,0.5637,1.15
modernbert_agnews,transformer NLP,classification,4000,1536,4,1153,1536,all,all features,linear,0.8488,0.0
modernbert_agnews,transformer NLP,classification,4000,1536,4,1153,1536,all,all features,knn,0.8575,0.0
modernbert_agnews,transformer NLP,classification,4000,1536,4,1153,1536,all,all features,svm,0.8912,0.0
modernbert_agnews,transformer NLP,classification,4000,1536,4,1153,1153,select,select:vote,linear,0.84,1699.61
modernbert_agnews,transformer NLP,classification,4000,1536,4,1153,1153,select,select:vote,knn,0.8675,1699.61
modernbert_agnews,transformer NLP,classification,4000,1536,4,1153,1153,select,select:vote,svm,0.8925,1699.61
modernbert_agnews,transformer NLP,classification,4000,1536,4,1153,1153,select,select:rf,linear,0.8425,1699.61
modernbert_agnews,transformer NLP,classification,4000,1536,4,1153,1153,select,select:rf,knn,0.865,1699.61
modernbert_agnews,transformer NLP,classification,4000,1536,4,1153,1153,select,select:rf,svm,0.8925,1699.61
modernbert_agnews,transformer NLP,classification,4000,1536,4,1153,1153,select,select:xg,linear,0.8287,1699.61
modernbert_agnews,transformer NLP,classification,4000,1536,4,1153,1153,select,select:xg,knn,0.865,1699.61
modernbert_agnews,transformer NLP,classification,4000,1536,4,1153,1153,select,select:xg,svm,0.8888,1699.61
modernbert_agnews,transformer NLP,classification,4000,1536,4,1153,1153,select,select:mi,linear,0.8475,1699.61
modernbert_agnews,transformer NLP,classification,4000,1536,4,1153,1153,select,select:mi,knn,0.865,1699.61
modernbert_agnews,transformer NLP,classification,4000,1536,4,1153,1153,select,select:mi,svm,0.885,1699.61
modernbert_agnews,transformer NLP,classification,4000,1536,4,1153,1153,select,select:f_test,linear,0.8475,1699.61
modernbert_agnews,transformer NLP,classification,4000,1536,4,1153,1153,select,select:f_test,knn,0.8675,1699.61
modernbert_agnews,transformer NLP,classification,4000,1536,4,1153,1153,select,select:f_test,svm,0.8875,1699.61
modernbert_agnews,transformer NLP,classification,4000,1536,4,1153,1153,select,select:l1,linear,0.8525,1699.61
modernbert_agnews,transformer NLP,classification,4000,1536,4,1153,1153,select,select:l1,knn,0.8512,1699.61
modernbert_agnews,transformer NLP,classification,4000,1536,4,1153,1153,select,select:l1,svm,0.885,1699.61
modernbert_agnews,transformer NLP,classification,4000,1536,4,1153,1153,dr,dr:PCA,linear,0.795,2.21
modernbert_agnews,transformer NLP,classification,4000,1536,4,1153,1153,dr,dr:PCA,knn,0.2475,2.21
modernbert_agnews,transformer NLP,classification,4000,1536,4,1153,1153,dr,dr:PCA,svm,0.6138,2.21
modernbert_agnews,transformer NLP,classification,4000,1536,4,1153,1153,dr,dr:RandProj,linear,0.8438,0.03
modernbert_agnews,transformer NLP,classification,4000,1536,4,1153,1153,dr,dr:RandProj,knn,0.8413,0.03
modernbert_agnews,transformer NLP,classification,4000,1536,4,1153,1153,dr,dr:RandProj,svm,0.895,0.03
modernbert_agnews,transformer NLP,classification,4000,1536,4,1153,576,select,select:vote,linear,0.8225,1699.61
modernbert_agnews,transformer NLP,classification,4000,1536,4,1153,576,select,select:vote,knn,0.8662,1699.61
modernbert_agnews,transformer NLP,classification,4000,1536,4,1153,576,select,select:vote,svm,0.885,1699.61
modernbert_agnews,transformer NLP,classification,4000,1536,4,1153,576,select,select:rf,linear,0.82,1699.61
modernbert_agnews,transformer NLP,classification,4000,1536,4,1153,576,select,select:rf,knn,0.8662,1699.61
modernbert_agnews,transformer NLP,classification,4000,1536,4,1153,576,select,select:rf,svm,0.8888,1699.61
modernbert_agnews,transformer NLP,classification,4000,1536,4,1153,576,select,select:xg,linear,0.8137,1699.61
modernbert_agnews,transformer NLP,classification,4000,1536,4,1153,576,select,select:xg,knn,0.8625,1699.61
modernbert_agnews,transformer NLP,classification,4000,1536,4,1153,576,select,select:xg,svm,0.89,1699.61
modernbert_agnews,transformer NLP,classification,4000,1536,4,1153,576,select,select:mi,linear,0.8137,1699.61
modernbert_agnews,transformer NLP,classification,4000,1536,4,1153,576,select,select:mi,knn,0.8612,1699.61
modernbert_agnews,transformer NLP,classification,4000,1536,4,1153,576,select,select:mi,svm,0.89,1699.61
modernbert_agnews,transformer NLP,classification,4000,1536,4,1153,576,select,select:f_test,linear,0.8213,1699.61
modernbert_agnews,transformer NLP,classification,4000,1536,4,1153,576,select,select:f_test,knn,0.8612,1699.61
modernbert_agnews,transformer NLP,classification,4000,1536,4,1153,576,select,select:f_test,svm,0.8888,1699.61
modernbert_agnews,transformer NLP,classification,4000,1536,4,1153,576,select,select:l1,linear,0.8325,1699.61
modernbert_agnews,transformer NLP,classification,4000,1536,4,1153,576,select,select:l1,knn,0.8638,1699.61
modernbert_agnews,transformer NLP,classification,4000,1536,4,1153,576,select,select:l1,svm,0.89,1699.61
modernbert_agnews,transformer NLP,classification,4000,1536,4,1153,576,dr,dr:PCA,linear,0.8313,1.42
modernbert_agnews,transformer NLP,classification,4000,1536,4,1153,576,dr,dr:PCA,knn,0.325,1.42
modernbert_agnews,transformer NLP,classification,4000,1536,4,1153,576,dr,dr:PCA,svm,0.8938,1.42
modernbert_agnews,transformer NLP,classification,4000,1536,4,1153,576,dr,dr:RandProj,linear,0.8125,0.02
modernbert_agnews,transformer NLP,classification,4000,1536,4,1153,576,dr,dr:RandProj,knn,0.8363,0.02
modernbert_agnews,transformer NLP,classification,4000,1536,4,1153,576,dr,dr:RandProj,svm,0.8875,0.02
modernbert_agnews,transformer NLP,classification,4000,1536,4,1153,288,select,select:vote,linear,0.8225,1699.61
modernbert_agnews,transformer NLP,classification,4000,1536,4,1153,288,select,select:vote,knn,0.8788,1699.61
modernbert_agnews,transformer NLP,classification,4000,1536,4,1153,288,select,select:vote,svm,0.8888,1699.61
modernbert_agnews,transformer NLP,classification,4000,1536,4,1153,288,select,select:rf,linear,0.8337,1699.61
modernbert_agnews,transformer NLP,classification,4000,1536,4,1153,288,select,select:rf,knn,0.865,1699.61
modernbert_agnews,transformer NLP,classification,4000,1536,4,1153,288,select,select:rf,svm,0.8925,1699.61
modernbert_agnews,transformer NLP,classification,4000,1536,4,1153,288,select,select:xg,linear,0.8287,1699.61
modernbert_agnews,transformer NLP,classification,4000,1536,4,1153,288,select,select:xg,knn,0.8712,1699.61
modernbert_agnews,transformer NLP,classification,4000,1536,4,1153,288,select,select:xg,svm,0.8812,1699.61
modernbert_agnews,transformer NLP,classification,4000,1536,4,1153,288,select,select:mi,linear,0.8137,1699.61
modernbert_agnews,transformer NLP,classification,4000,1536,4,1153,288,select,select:mi,knn,0.8688,1699.61
modernbert_agnews,transformer NLP,classification,4000,1536,4,1153,288,select,select:mi,svm,0.8862,1699.61
modernbert_agnews,transformer NLP,classification,4000,1536,4,1153,288,select,select:f_test,linear,0.8413,1699.61
modernbert_agnews,transformer NLP,classification,4000,1536,4,1153,288,select,select:f_test,knn,0.8675,1699.61
modernbert_agnews,transformer NLP,classification,4000,1536,4,1153,288,select,select:f_test,svm,0.885,1699.61
modernbert_agnews,transformer NLP,classification,4000,1536,4,1153,288,select,select:l1,linear,0.8175,1699.61
modernbert_agnews,transformer NLP,classification,4000,1536,4,1153,288,select,select:l1,knn,0.8788,1699.61
modernbert_agnews,transformer NLP,classification,4000,1536,4,1153,288,select,select:l1,svm,0.8888,1699.61
modernbert_agnews,transformer NLP,classification,4000,1536,4,1153,288,dr,dr:PCA,linear,0.84,1.2
modernbert_agnews,transformer NLP,classification,4000,1536,4,1153,288,dr,dr:PCA,knn,0.7087,1.2
modernbert_agnews,transformer NLP,classification,4000,1536,4,1153,288,dr,dr:PCA,svm,0.9012,1.2
modernbert_agnews,transformer NLP,classification,4000,1536,4,1153,288,dr,dr:RandProj,linear,0.8075,0.01
modernbert_agnews,transformer NLP,classification,4000,1536,4,1153,288,dr,dr:RandProj,knn,0.8213,0.01
modernbert_agnews,transformer NLP,classification,4000,1536,4,1153,288,dr,dr:RandProj,svm,0.8738,0.01
modernbert_agnews,transformer NLP,classification,4000,1536,4,1153,10,select,select:vote,linear,0.7188,1699.61
modernbert_agnews,transformer NLP,classification,4000,1536,4,1153,10,select,select:vote,knn,0.7063,1699.61
modernbert_agnews,transformer NLP,classification,4000,1536,4,1153,10,select,select:vote,svm,0.7225,1699.61
modernbert_agnews,transformer NLP,classification,4000,1536,4,1153,10,select,select:rf,linear,0.7137,1699.61
modernbert_agnews,transformer NLP,classification,4000,1536,4,1153,10,select,select:rf,knn,0.7137,1699.61
modernbert_agnews,transformer NLP,classification,4000,1536,4,1153,10,select,select:rf,svm,0.745,1699.61
modernbert_agnews,transformer NLP,classification,4000,1536,4,1153,10,select,select:xg,linear,0.7488,1699.61
modernbert_agnews,transformer NLP,classification,4000,1536,4,1153,10,select,select:xg,knn,0.7238,1699.61
modernbert_agnews,transformer NLP,classification,4000,1536,4,1153,10,select,select:xg,svm,0.7475,1699.61
modernbert_agnews,transformer NLP,classification,4000,1536,4,1153,10,select,select:mi,linear,0.6987,1699.61
modernbert_agnews,transformer NLP,classification,4000,1536,4,1153,10,select,select:mi,knn,0.7013,1699.61
modernbert_agnews,transformer NLP,classification,4000,1536,4,1153,10,select,select:mi,svm,0.7175,1699.61
modernbert_agnews,transformer NLP,classification,4000,1536,4,1153,10,select,select:f_test,linear,0.7013,1699.61
modernbert_agnews,transformer NLP,classification,4000,1536,4,1153,10,select,select:f_test,knn,0.6987,1699.61
modernbert_agnews,transformer NLP,classification,4000,1536,4,1153,10,select,select:f_test,svm,0.7238,1699.61
modernbert_agnews,transformer NLP,classification,4000,1536,4,1153,10,select,select:l1,linear,0.7325,1699.61
modernbert_agnews,transformer NLP,classification,4000,1536,4,1153,10,select,select:l1,knn,0.7063,1699.61
modernbert_agnews,transformer NLP,classification,4000,1536,4,1153,10,select,select:l1,svm,0.7288,1699.61
modernbert_agnews,transformer NLP,classification,4000,1536,4,1153,10,dr,dr:PCA,linear,0.845,0.03
modernbert_agnews,transformer NLP,classification,4000,1536,4,1153,10,dr,dr:PCA,knn,0.8237,0.03
modernbert_agnews,transformer NLP,classification,4000,1536,4,1153,10,dr,dr:PCA,svm,0.85,0.03
modernbert_agnews,transformer NLP,classification,4000,1536,4,1153,10,dr,dr:RandProj,linear,0.575,0.01
modernbert_agnews,transformer NLP,classification,4000,1536,4,1153,10,dr,dr:RandProj,knn,0.5425,0.01
modernbert_agnews,transformer NLP,classification,4000,1536,4,1153,10,dr,dr:RandProj,svm,0.5663,0.01
modernbert_agnews,transformer NLP,classification,4000,1536,4,1153,10,dr,dr:ICA,linear,0.845,0.51
modernbert_agnews,transformer NLP,classification,4000,1536,4,1153,10,dr,dr:ICA,knn,0.8213,0.51
modernbert_agnews,transformer NLP,classification,4000,1536,4,1153,10,dr,dr:ICA,svm,0.85,0.51
modernbert_agnews,transformer NLP,classification,4000,1536,4,1153,10,dr,dr:KernelPCA,linear,0.835,0.89
modernbert_agnews,transformer NLP,classification,4000,1536,4,1153,10,dr,dr:KernelPCA,knn,0.8237,0.89
modernbert_agnews,transformer NLP,classification,4000,1536,4,1153,10,dr,dr:KernelPCA,svm,0.8475,0.89
modernbert_agnews,transformer NLP,classification,4000,1536,4,1153,10,dr,dr:Isomap,linear,0.8037,1.56
modernbert_agnews,transformer NLP,classification,4000,1536,4,1153,10,dr,dr:Isomap,knn,0.8063,1.56
modernbert_agnews,transformer NLP,classification,4000,1536,4,1153,10,dr,dr:Isomap,svm,0.83,1.56
modernbert_agnews,transformer NLP,classification,4000,1536,4,1153,10,dr,dr:UMAP,linear,0.83,13.69
modernbert_agnews,transformer NLP,classification,4000,1536,4,1153,10,dr,dr:UMAP,knn,0.8438,13.69
modernbert_agnews,transformer NLP,classification,4000,1536,4,1153,10,dr,dr:UMAP,svm,0.84,13.69
modernbert_agnews,transformer NLP,classification,4000,1536,4,1153,10,dr,dr:t-SNE,linear,0.7825,86.68
modernbert_agnews,transformer NLP,classification,4000,1536,4,1153,10,dr,dr:t-SNE,knn,0.8087,86.68
modernbert_agnews,transformer NLP,classification,4000,1536,4,1153,10,dr,dr:t-SNE,svm,0.8263,86.68
modernbert_agnews,transformer NLP,classification,4000,1536,4,1153,1,select,select:vote,linear,0.4675,1699.61
modernbert_agnews,transformer NLP,classification,4000,1536,4,1153,1,select,select:vote,knn,0.44,1699.61
modernbert_agnews,transformer NLP,classification,4000,1536,4,1153,1,select,select:vote,svm,0.4625,1699.61
modernbert_agnews,transformer NLP,classification,4000,1536,4,1153,1,select,select:rf,linear,0.4138,1699.61
modernbert_agnews,transformer NLP,classification,4000,1536,4,1153,1,select,select:rf,knn,0.3613,1699.61
modernbert_agnews,transformer NLP,classification,4000,1536,4,1153,1,select,select:rf,svm,0.4175,1699.61
modernbert_agnews,transformer NLP,classification,4000,1536,4,1153,1,select,select:xg,linear,0.4037,1699.61
modernbert_agnews,transformer NLP,classification,4000,1536,4,1153,1,select,select:xg,knn,0.36,1699.61
modernbert_agnews,transformer NLP,classification,4000,1536,4,1153,1,select,select:xg,svm,0.4213,1699.61
modernbert_agnews,transformer NLP,classification,4000,1536,4,1153,1,select,select:mi,linear,0.4675,1699.61
modernbert_agnews,transformer NLP,classification,4000,1536,4,1153,1,select,select:mi,knn,0.44,1699.61
modernbert_agnews,transformer NLP,classification,4000,1536,4,1153,1,select,select:mi,svm,0.4625,1699.61
modernbert_agnews,transformer NLP,classification,4000,1536,4,1153,1,select,select:f_test,linear,0.4675,1699.61
modernbert_agnews,transformer NLP,classification,4000,1536,4,1153,1,select,select:f_test,knn,0.44,1699.61
modernbert_agnews,transformer NLP,classification,4000,1536,4,1153,1,select,select:f_test,svm,0.4625,1699.61
modernbert_agnews,transformer NLP,classification,4000,1536,4,1153,1,select,select:l1,linear,0.4675,1699.61
modernbert_agnews,transformer NLP,classification,4000,1536,4,1153,1,select,select:l1,knn,0.44,1699.61
modernbert_agnews,transformer NLP,classification,4000,1536,4,1153,1,select,select:l1,svm,0.4625,1699.61
modernbert_agnews,transformer NLP,classification,4000,1536,4,1153,1,dr,dr:PCA,linear,0.32,0.02
modernbert_agnews,transformer NLP,classification,4000,1536,4,1153,1,dr,dr:PCA,knn,0.2913,0.02
modernbert_agnews,transformer NLP,classification,4000,1536,4,1153,1,dr,dr:PCA,svm,0.3225,0.02
modernbert_agnews,transformer NLP,classification,4000,1536,4,1153,1,dr,dr:RandProj,linear,0.3325,0.01
modernbert_agnews,transformer NLP,classification,4000,1536,4,1153,1,dr,dr:RandProj,knn,0.2863,0.01
modernbert_agnews,transformer NLP,classification,4000,1536,4,1153,1,dr,dr:RandProj,svm,0.335,0.01
modernbert_agnews,transformer NLP,classification,4000,1536,4,1153,1,dr,dr:ICA,linear,0.32,0.47
modernbert_agnews,transformer NLP,classification,4000,1536,4,1153,1,dr,dr:ICA,knn,0.2913,0.47
modernbert_agnews,transformer NLP,classification,4000,1536,4,1153,1,dr,dr:ICA,svm,0.3237,0.47
modernbert_agnews,transformer NLP,classification,4000,1536,4,1153,1,dr,dr:KernelPCA,linear,0.3088,0.95
modernbert_agnews,transformer NLP,classification,4000,1536,4,1153,1,dr,dr:KernelPCA,knn,0.2562,0.95
modernbert_agnews,transformer NLP,classification,4000,1536,4,1153,1,dr,dr:KernelPCA,svm,0.3262,0.95
modernbert_agnews,transformer NLP,classification,4000,1536,4,1153,1,dr,dr:Isomap,linear,0.6312,1.62
modernbert_agnews,transformer NLP,classification,4000,1536,4,1153,1,dr,dr:Isomap,knn,0.6212,1.62
modernbert_agnews,transformer NLP,classification,4000,1536,4,1153,1,dr,dr:Isomap,svm,0.6375,1.62
modernbert_agnews,transformer NLP,classification,4000,1536,4,1153,1,dr,dr:UMAP,linear,0.64,13.13
modernbert_agnews,transformer NLP,classification,4000,1536,4,1153,1,dr,dr:UMAP,knn,0.78,13.13
modernbert_agnews,transformer NLP,classification,4000,1536,4,1153,1,dr,dr:UMAP,svm,0.77,13.13
modernbert_agnews,transformer NLP,classification,4000,1536,4,1153,1,dr,dr:t-SNE,linear,0.5375,0.81
modernbert_agnews,transformer NLP,classification,4000,1536,4,1153,1,dr,dr:t-SNE,knn,0.7338,0.81
modernbert_agnews,transformer NLP,classification,4000,1536,4,1153,1,dr,dr:t-SNE,svm,0.7288,0.81
modernbert_emotion,transformer NLP,classification,4000,1536,6,1171,1536,all,all features,linear,0.5563,0.0
modernbert_emotion,transformer NLP,classification,4000,1536,6,1171,1536,all,all features,knn,0.3962,0.0
modernbert_emotion,transformer NLP,classification,4000,1536,6,1171,1536,all,all features,svm,0.58,0.0
modernbert_emotion,transformer NLP,classification,4000,1536,6,1171,1171,select,select:vote,linear,0.5312,2202.21
modernbert_emotion,transformer NLP,classification,4000,1536,6,1171,1171,select,select:vote,knn,0.4175,2202.21
modernbert_emotion,transformer NLP,classification,4000,1536,6,1171,1171,select,select:vote,svm,0.5913,2202.21
modernbert_emotion,transformer NLP,classification,4000,1536,6,1171,1171,select,select:rf,linear,0.5575,2202.21
modernbert_emotion,transformer NLP,classification,4000,1536,6,1171,1171,select,select:rf,knn,0.4225,2202.21
modernbert_emotion,transformer NLP,classification,4000,1536,6,1171,1171,select,select:rf,svm,0.5875,2202.21
modernbert_emotion,transformer NLP,classification,4000,1536,6,1171,1171,select,select:xg,linear,0.5525,2202.21
modernbert_emotion,transformer NLP,classification,4000,1536,6,1171,1171,select,select:xg,knn,0.4213,2202.21
modernbert_emotion,transformer NLP,classification,4000,1536,6,1171,1171,select,select:xg,svm,0.58,2202.21
modernbert_emotion,transformer NLP,classification,4000,1536,6,1171,1171,select,select:mi,linear,0.5312,2202.21
modernbert_emotion,transformer NLP,classification,4000,1536,6,1171,1171,select,select:mi,knn,0.4213,2202.21
modernbert_emotion,transformer NLP,classification,4000,1536,6,1171,1171,select,select:mi,svm,0.5875,2202.21
modernbert_emotion,transformer NLP,classification,4000,1536,6,1171,1171,select,select:f_test,linear,0.5463,2202.21
modernbert_emotion,transformer NLP,classification,4000,1536,6,1171,1171,select,select:f_test,knn,0.415,2202.21
modernbert_emotion,transformer NLP,classification,4000,1536,6,1171,1171,select,select:f_test,svm,0.585,2202.21
modernbert_emotion,transformer NLP,classification,4000,1536,6,1171,1171,select,select:l1,linear,0.54,2202.21
modernbert_emotion,transformer NLP,classification,4000,1536,6,1171,1171,select,select:l1,knn,0.4113,2202.21
modernbert_emotion,transformer NLP,classification,4000,1536,6,1171,1171,select,select:l1,svm,0.5925,2202.21
modernbert_emotion,transformer NLP,classification,4000,1536,6,1171,1171,dr,dr:PCA,linear,0.4988,2.75
modernbert_emotion,transformer NLP,classification,4000,1536,6,1171,1171,dr,dr:PCA,knn,0.3488,2.75
modernbert_emotion,transformer NLP,classification,4000,1536,6,1171,1171,dr,dr:PCA,svm,0.455,2.75
modernbert_emotion,transformer NLP,classification,4000,1536,6,1171,1171,dr,dr:RandProj,linear,0.5125,0.03
modernbert_emotion,transformer NLP,classification,4000,1536,6,1171,1171,dr,dr:RandProj,knn,0.3837,0.03
modernbert_emotion,transformer NLP,classification,4000,1536,6,1171,1171,dr,dr:RandProj,svm,0.5613,0.03
modernbert_emotion,transformer NLP,classification,4000,1536,6,1171,585,select,select:vote,linear,0.5337,2202.21
modernbert_emotion,transformer NLP,classification,4000,1536,6,1171,585,select,select:vote,knn,0.4375,2202.21
modernbert_emotion,transformer NLP,classification,4000,1536,6,1171,585,select,select:vote,svm,0.5975,2202.21
modernbert_emotion,transformer NLP,classification,4000,1536,6,1171,585,select,select:rf,linear,0.5175,2202.21
modernbert_emotion,transformer NLP,classification,4000,1536,6,1171,585,select,select:rf,knn,0.4412,2202.21
modernbert_emotion,transformer NLP,classification,4000,1536,6,1171,585,select,select:rf,svm,0.5988,2202.21
modernbert_emotion,transformer NLP,classification,4000,1536,6,1171,585,select,select:xg,linear,0.5025,2202.21
modernbert_emotion,transformer NLP,classification,4000,1536,6,1171,585,select,select:xg,knn,0.4175,2202.21
modernbert_emotion,transformer NLP,classification,4000,1536,6,1171,585,select,select:xg,svm,0.5825,2202.21
modernbert_emotion,transformer NLP,classification,4000,1536,6,1171,585,select,select:mi,linear,0.4838,2202.21
modernbert_emotion,transformer NLP,classification,4000,1536,6,1171,585,select,select:mi,knn,0.4225,2202.21
modernbert_emotion,transformer NLP,classification,4000,1536,6,1171,585,select,select:mi,svm,0.575,2202.21
modernbert_emotion,transformer NLP,classification,4000,1536,6,1171,585,select,select:f_test,linear,0.5387,2202.21
modernbert_emotion,transformer NLP,classification,4000,1536,6,1171,585,select,select:f_test,knn,0.4375,2202.21
modernbert_emotion,transformer NLP,classification,4000,1536,6,1171,585,select,select:f_test,svm,0.5875,2202.21
modernbert_emotion,transformer NLP,classification,4000,1536,6,1171,585,select,select:l1,linear,0.4988,2202.21
modernbert_emotion,transformer NLP,classification,4000,1536,6,1171,585,select,select:l1,knn,0.4275,2202.21
modernbert_emotion,transformer NLP,classification,4000,1536,6,1171,585,select,select:l1,svm,0.5887,2202.21
modernbert_emotion,transformer NLP,classification,4000,1536,6,1171,585,dr,dr:PCA,linear,0.5188,1.41
modernbert_emotion,transformer NLP,classification,4000,1536,6,1171,585,dr,dr:PCA,knn,0.3688,1.41
modernbert_emotion,transformer NLP,classification,4000,1536,6,1171,585,dr,dr:PCA,svm,0.575,1.41
modernbert_emotion,transformer NLP,classification,4000,1536,6,1171,585,dr,dr:RandProj,linear,0.4562,0.02
modernbert_emotion,transformer NLP,classification,4000,1536,6,1171,585,dr,dr:RandProj,knn,0.3825,0.02
modernbert_emotion,transformer NLP,classification,4000,1536,6,1171,585,dr,dr:RandProj,svm,0.5437,0.02
modernbert_emotion,transformer NLP,classification,4000,1536,6,1171,292,select,select:vote,linear,0.5487,2202.21
modernbert_emotion,transformer NLP,classification,4000,1536,6,1171,292,select,select:vote,knn,0.4575,2202.21
modernbert_emotion,transformer NLP,classification,4000,1536,6,1171,292,select,select:vote,svm,0.5887,2202.21
modernbert_emotion,transformer NLP,classification,4000,1536,6,1171,292,select,select:rf,linear,0.5425,2202.21
modernbert_emotion,transformer NLP,classification,4000,1536,6,1171,292,select,select:rf,knn,0.4763,2202.21
modernbert_emotion,transformer NLP,classification,4000,1536,6,1171,292,select,select:rf,svm,0.5887,2202.21
modernbert_emotion,transformer NLP,classification,4000,1536,6,1171,292,select,select:xg,linear,0.54,2202.21
modernbert_emotion,transformer NLP,classification,4000,1536,6,1171,292,select,select:xg,knn,0.445,2202.21
modernbert_emotion,transformer NLP,classification,4000,1536,6,1171,292,select,select:xg,svm,0.5913,2202.21
modernbert_emotion,transformer NLP,classification,4000,1536,6,1171,292,select,select:mi,linear,0.5075,2202.21
modernbert_emotion,transformer NLP,classification,4000,1536,6,1171,292,select,select:mi,knn,0.415,2202.21
modernbert_emotion,transformer NLP,classification,4000,1536,6,1171,292,select,select:mi,svm,0.5675,2202.21
modernbert_emotion,transformer NLP,classification,4000,1536,6,1171,292,select,select:f_test,linear,0.54,2202.21
modernbert_emotion,transformer NLP,classification,4000,1536,6,1171,292,select,select:f_test,knn,0.45,2202.21
modernbert_emotion,transformer NLP,classification,4000,1536,6,1171,292,select,select:f_test,svm,0.5925,2202.21
modernbert_emotion,transformer NLP,classification,4000,1536,6,1171,292,select,select:l1,linear,0.5525,2202.21
modernbert_emotion,transformer NLP,classification,4000,1536,6,1171,292,select,select:l1,knn,0.465,2202.21
modernbert_emotion,transformer NLP,classification,4000,1536,6,1171,292,select,select:l1,svm,0.6025,2202.21
modernbert_emotion,transformer NLP,classification,4000,1536,6,1171,292,dr,dr:PCA,linear,0.5713,1.16
modernbert_emotion,transformer NLP,classification,4000,1536,6,1171,292,dr,dr:PCA,knn,0.3762,1.16
modernbert_emotion,transformer NLP,classification,4000,1536,6,1171,292,dr,dr:PCA,svm,0.5975,1.16
modernbert_emotion,transformer NLP,classification,4000,1536,6,1171,292,dr,dr:RandProj,linear,0.4888,0.02
modernbert_emotion,transformer NLP,classification,4000,1536,6,1171,292,dr,dr:RandProj,knn,0.3738,0.02
modernbert_emotion,transformer NLP,classification,4000,1536,6,1171,292,dr,dr:RandProj,svm,0.5175,0.02
modernbert_emotion,transformer NLP,classification,4000,1536,6,1171,10,select,select:vote,linear,0.425,2202.21
modernbert_emotion,transformer NLP,classification,4000,1536,6,1171,10,select,select:vote,knn,0.3825,2202.21
modernbert_emotion,transformer NLP,classification,4000,1536,6,1171,10,select,select:vote,svm,0.4175,2202.21
modernbert_emotion,transformer NLP,classification,4000,1536,6,1171,10,select,select:rf,linear,0.4338,2202.21
modernbert_emotion,transformer NLP,classification,4000,1536,6,1171,10,select,select:rf,knn,0.3962,2202.21
modernbert_emotion,transformer NLP,classification,4000,1536,6,1171,10,select,select:rf,svm,0.4325,2202.21
modernbert_emotion,transformer NLP,classification,4000,1536,6,1171,10,select,select:xg,linear,0.425,2202.21
modernbert_emotion,transformer NLP,classification,4000,1536,6,1171,10,select,select:xg,knn,0.3825,2202.21
modernbert_emotion,transformer NLP,classification,4000,1536,6,1171,10,select,select:xg,svm,0.4163,2202.21
modernbert_emotion,transformer NLP,classification,4000,1536,6,1171,10,select,select:mi,linear,0.425,2202.21
modernbert_emotion,transformer NLP,classification,4000,1536,6,1171,10,select,select:mi,knn,0.365,2202.21
modernbert_emotion,transformer NLP,classification,4000,1536,6,1171,10,select,select:mi,svm,0.415,2202.21
modernbert_emotion,transformer NLP,classification,4000,1536,6,1171,10,select,select:f_test,linear,0.4238,2202.21
modernbert_emotion,transformer NLP,classification,4000,1536,6,1171,10,select,select:f_test,knn,0.3725,2202.21
modernbert_emotion,transformer NLP,classification,4000,1536,6,1171,10,select,select:f_test,svm,0.4238,2202.21
modernbert_emotion,transformer NLP,classification,4000,1536,6,1171,10,select,select:l1,linear,0.4363,2202.21
modernbert_emotion,transformer NLP,classification,4000,1536,6,1171,10,select,select:l1,knn,0.3962,2202.21
modernbert_emotion,transformer NLP,classification,4000,1536,6,1171,10,select,select:l1,svm,0.43,2202.21
modernbert_emotion,transformer NLP,classification,4000,1536,6,1171,10,dr,dr:PCA,linear,0.3588,0.03
modernbert_emotion,transformer NLP,classification,4000,1536,6,1171,10,dr,dr:PCA,knn,0.3588,0.03
modernbert_emotion,transformer NLP,classification,4000,1536,6,1171,10,dr,dr:PCA,svm,0.3937,0.03
modernbert_emotion,transformer NLP,classification,4000,1536,6,1171,10,dr,dr:RandProj,linear,0.375,0.0
modernbert_emotion,transformer NLP,classification,4000,1536,6,1171,10,dr,dr:RandProj,knn,0.3463,0.0
modernbert_emotion,transformer NLP,classification,4000,1536,6,1171,10,dr,dr:RandProj,svm,0.3588,0.0
modernbert_emotion,transformer NLP,classification,4000,1536,6,1171,10,dr,dr:ICA,linear,0.36,0.46
modernbert_emotion,transformer NLP,classification,4000,1536,6,1171,10,dr,dr:ICA,knn,0.3625,0.46
modernbert_emotion,transformer NLP,classification,4000,1536,6,1171,10,dr,dr:ICA,svm,0.395,0.46
modernbert_emotion,transformer NLP,classification,4000,1536,6,1171,10,dr,dr:KernelPCA,linear,0.3638,1.02
modernbert_emotion,transformer NLP,classification,4000,1536,6,1171,10,dr,dr:KernelPCA,knn,0.3575,1.02
modernbert_emotion,transformer NLP,classification,4000,1536,6,1171,10,dr,dr:KernelPCA,svm,0.39,1.02
modernbert_emotion,transformer NLP,classification,4000,1536,6,1171,10,dr,dr:Isomap,linear,0.365,1.53
modernbert_emotion,transformer NLP,classification,4000,1536,6,1171,10,dr,dr:Isomap,knn,0.3237,1.53
modernbert_emotion,transformer NLP,classification,4000,1536,6,1171,10,dr,dr:Isomap,svm,0.3488,1.53
modernbert_emotion,transformer NLP,classification,4000,1536,6,1171,10,dr,dr:UMAP,linear,0.3825,13.95
modernbert_emotion,transformer NLP,classification,4000,1536,6,1171,10,dr,dr:UMAP,knn,0.3287,13.95
modernbert_emotion,transformer NLP,classification,4000,1536,6,1171,10,dr,dr:UMAP,svm,0.3663,13.95
modernbert_emotion,transformer NLP,classification,4000,1536,6,1171,10,dr,dr:t-SNE,linear,0.3312,87.88
modernbert_emotion,transformer NLP,classification,4000,1536,6,1171,10,dr,dr:t-SNE,knn,0.2913,87.88
modernbert_emotion,transformer NLP,classification,4000,1536,6,1171,10,dr,dr:t-SNE,svm,0.3075,87.88
modernbert_emotion,transformer NLP,classification,4000,1536,6,1171,1,select,select:vote,linear,0.3725,2202.21
modernbert_emotion,transformer NLP,classification,4000,1536,6,1171,1,select,select:vote,knn,0.3525,2202.21
modernbert_emotion,transformer NLP,classification,4000,1536,6,1171,1,select,select:vote,svm,0.3738,2202.21
modernbert_emotion,transformer NLP,classification,4000,1536,6,1171,1,select,select:rf,linear,0.3725,2202.21
modernbert_emotion,transformer NLP,classification,4000,1536,6,1171,1,select,select:rf,knn,0.3525,2202.21
modernbert_emotion,transformer NLP,classification,4000,1536,6,1171,1,select,select:rf,svm,0.3738,2202.21
modernbert_emotion,transformer NLP,classification,4000,1536,6,1171,1,select,select:xg,linear,0.3725,2202.21
modernbert_emotion,transformer NLP,classification,4000,1536,6,1171,1,select,select:xg,knn,0.3525,2202.21
modernbert_emotion,transformer NLP,classification,4000,1536,6,1171,1,select,select:xg,svm,0.3738,2202.21
modernbert_emotion,transformer NLP,classification,4000,1536,6,1171,1,select,select:mi,linear,0.3725,2202.21
modernbert_emotion,transformer NLP,classification,4000,1536,6,1171,1,select,select:mi,knn,0.3525,2202.21
modernbert_emotion,transformer NLP,classification,4000,1536,6,1171,1,select,select:mi,svm,0.3738,2202.21
modernbert_emotion,transformer NLP,classification,4000,1536,6,1171,1,select,select:f_test,linear,0.3725,2202.21
modernbert_emotion,transformer NLP,classification,4000,1536,6,1171,1,select,select:f_test,knn,0.3525,2202.21
modernbert_emotion,transformer NLP,classification,4000,1536,6,1171,1,select,select:f_test,svm,0.3738,2202.21
modernbert_emotion,transformer NLP,classification,4000,1536,6,1171,1,select,select:l1,linear,0.3725,2202.21
modernbert_emotion,transformer NLP,classification,4000,1536,6,1171,1,select,select:l1,knn,0.3525,2202.21
modernbert_emotion,transformer NLP,classification,4000,1536,6,1171,1,select,select:l1,svm,0.3738,2202.21
modernbert_emotion,transformer NLP,classification,4000,1536,6,1171,1,dr,dr:PCA,linear,0.3337,0.02
modernbert_emotion,transformer NLP,classification,4000,1536,6,1171,1,dr,dr:PCA,knn,0.2913,0.02
modernbert_emotion,transformer NLP,classification,4000,1536,6,1171,1,dr,dr:PCA,svm,0.3337,0.02
modernbert_emotion,transformer NLP,classification,4000,1536,6,1171,1,dr,dr:RandProj,linear,0.34,0.01
modernbert_emotion,transformer NLP,classification,4000,1536,6,1171,1,dr,dr:RandProj,knn,0.2863,0.01
modernbert_emotion,transformer NLP,classification,4000,1536,6,1171,1,dr,dr:RandProj,svm,0.3337,0.01
modernbert_emotion,transformer NLP,classification,4000,1536,6,1171,1,dr,dr:ICA,linear,0.3337,0.56
modernbert_emotion,transformer NLP,classification,4000,1536,6,1171,1,dr,dr:ICA,knn,0.2913,0.56
modernbert_emotion,transformer NLP,classification,4000,1536,6,1171,1,dr,dr:ICA,svm,0.3337,0.56
modernbert_emotion,transformer NLP,classification,4000,1536,6,1171,1,dr,dr:KernelPCA,linear,0.3412,1.2
modernbert_emotion,transformer NLP,classification,4000,1536,6,1171,1,dr,dr:KernelPCA,knn,0.3275,1.2
modernbert_emotion,transformer NLP,classification,4000,1536,6,1171,1,dr,dr:KernelPCA,svm,0.34,1.2
modernbert_emotion,transformer NLP,classification,4000,1536,6,1171,1,dr,dr:Isomap,linear,0.3387,1.6
modernbert_emotion,transformer NLP,classification,4000,1536,6,1171,1,dr,dr:Isomap,knn,0.3075,1.6
modernbert_emotion,transformer NLP,classification,4000,1536,6,1171,1,dr,dr:Isomap,svm,0.3175,1.6
modernbert_emotion,transformer NLP,classification,4000,1536,6,1171,1,dr,dr:UMAP,linear,0.3438,13.32
modernbert_emotion,transformer NLP,classification,4000,1536,6,1171,1,dr,dr:UMAP,knn,0.3162,13.32
modernbert_emotion,transformer NLP,classification,4000,1536,6,1171,1,dr,dr:UMAP,svm,0.3075,13.32
modernbert_emotion,transformer NLP,classification,4000,1536,6,1171,1,dr,dr:t-SNE,linear,0.3438,0.81
modernbert_emotion,transformer NLP,classification,4000,1536,6,1171,1,dr,dr:t-SNE,knn,0.2975,0.81
modernbert_emotion,transformer NLP,classification,4000,1536,6,1171,1,dr,dr:t-SNE,svm,0.3,0.81
modernbert_imdb,transformer NLP,classification,3000,1536,2,997,1536,all,all features,linear,0.775,0.0
modernbert_imdb,transformer NLP,classification,3000,1536,2,997,1536,all,all features,knn,0.6517,0.0
modernbert_imdb,transformer NLP,classification,3000,1536,2,997,1536,all,all features,svm,0.8233,0.0
modernbert_imdb,transformer NLP,classification,3000,1536,2,997,997,select,select:vote,linear,0.7683,83.29
modernbert_imdb,transformer NLP,classification,3000,1536,2,997,997,select,select:vote,knn,0.675,83.29
modernbert_imdb,transformer NLP,classification,3000,1536,2,997,997,select,select:vote,svm,0.8183,83.29
modernbert_imdb,transformer NLP,classification,3000,1536,2,997,997,select,select:rf,linear,0.755,83.29
modernbert_imdb,transformer NLP,classification,3000,1536,2,997,997,select,select:rf,knn,0.7,83.29
modernbert_imdb,transformer NLP,classification,3000,1536,2,997,997,select,select:rf,svm,0.8217,83.29
modernbert_imdb,transformer NLP,classification,3000,1536,2,997,997,select,select:xg,linear,0.7567,83.29
modernbert_imdb,transformer NLP,classification,3000,1536,2,997,997,select,select:xg,knn,0.69,83.29
modernbert_imdb,transformer NLP,classification,3000,1536,2,997,997,select,select:xg,svm,0.82,83.29
modernbert_imdb,transformer NLP,classification,3000,1536,2,997,997,select,select:mi,linear,0.7567,83.29
modernbert_imdb,transformer NLP,classification,3000,1536,2,997,997,select,select:mi,knn,0.67,83.29
modernbert_imdb,transformer NLP,classification,3000,1536,2,997,997,select,select:mi,svm,0.8183,83.29
modernbert_imdb,transformer NLP,classification,3000,1536,2,997,997,select,select:f_test,linear,0.7567,83.29
modernbert_imdb,transformer NLP,classification,3000,1536,2,997,997,select,select:f_test,knn,0.6883,83.29
modernbert_imdb,transformer NLP,classification,3000,1536,2,997,997,select,select:f_test,svm,0.825,83.29
modernbert_imdb,transformer NLP,classification,3000,1536,2,997,997,select,select:l1,linear,0.7767,83.29
modernbert_imdb,transformer NLP,classification,3000,1536,2,997,997,select,select:l1,knn,0.67,83.29
modernbert_imdb,transformer NLP,classification,3000,1536,2,997,997,select,select:l1,svm,0.8317,83.29
modernbert_imdb,transformer NLP,classification,3000,1536,2,997,997,dr,dr:PCA,linear,0.74,1.67
modernbert_imdb,transformer NLP,classification,3000,1536,2,997,997,dr,dr:PCA,knn,0.5717,1.67
modernbert_imdb,transformer NLP,classification,3000,1536,2,997,997,dr,dr:PCA,svm,0.76,1.67
modernbert_imdb,transformer NLP,classification,3000,1536,2,997,997,dr,dr:RandProj,linear,0.755,0.05
modernbert_imdb,transformer NLP,classification,3000,1536,2,997,997,dr,dr:RandProj,knn,0.6633,0.05
modernbert_imdb,transformer NLP,classification,3000,1536,2,997,997,dr,dr:RandProj,svm,0.825,0.05
modernbert_imdb,transformer NLP,classification,3000,1536,2,997,498,select,select:vote,linear,0.7867,83.29
modernbert_imdb,transformer NLP,classification,3000,1536,2,997,498,select,select:vote,knn,0.7,83.29
modernbert_imdb,transformer NLP,classification,3000,1536,2,997,498,select,select:vote,svm,0.8267,83.29
modernbert_imdb,transformer NLP,classification,3000,1536,2,997,498,select,select:rf,linear,0.7783,83.29
modernbert_imdb,transformer NLP,classification,3000,1536,2,997,498,select,select:rf,knn,0.72,83.29
modernbert_imdb,transformer NLP,classification,3000,1536,2,997,498,select,select:rf,svm,0.8167,83.29
modernbert_imdb,transformer NLP,classification,3000,1536,2,997,498,select,select:xg,linear,0.7917,83.29
modernbert_imdb,transformer NLP,classification,3000,1536,2,997,498,select,select:xg,knn,0.705,83.29
modernbert_imdb,transformer NLP,classification,3000,1536,2,997,498,select,select:xg,svm,0.8183,83.29
modernbert_imdb,transformer NLP,classification,3000,1536,2,997,498,select,select:mi,linear,0.7767,83.29
modernbert_imdb,transformer NLP,classification,3000,1536,2,997,498,select,select:mi,knn,0.69,83.29
modernbert_imdb,transformer NLP,classification,3000,1536,2,997,498,select,select:mi,svm,0.8167,83.29
modernbert_imdb,transformer NLP,classification,3000,1536,2,997,498,select,select:f_test,linear,0.7733,83.29
modernbert_imdb,transformer NLP,classification,3000,1536,2,997,498,select,select:f_test,knn,0.7133,83.29
modernbert_imdb,transformer NLP,classification,3000,1536,2,997,498,select,select:f_test,svm,0.8133,83.29
modernbert_imdb,transformer NLP,classification,3000,1536,2,997,498,select,select:l1,linear,0.7683,83.29
modernbert_imdb,transformer NLP,classification,3000,1536,2,997,498,select,select:l1,knn,0.6917,83.29
modernbert_imdb,transformer NLP,classification,3000,1536,2,997,498,select,select:l1,svm,0.8317,83.29
modernbert_imdb,transformer NLP,classification,3000,1536,2,997,498,dr,dr:PCA,linear,0.7817,1.13
modernbert_imdb,transformer NLP,classification,3000,1536,2,997,498,dr,dr:PCA,knn,0.565,1.13
modernbert_imdb,transformer NLP,classification,3000,1536,2,997,498,dr,dr:PCA,svm,0.8067,1.13
modernbert_imdb,transformer NLP,classification,3000,1536,2,997,498,dr,dr:RandProj,linear,0.7733,0.03
modernbert_imdb,transformer NLP,classification,3000,1536,2,997,498,dr,dr:RandProj,knn,0.6733,0.03
modernbert_imdb,transformer NLP,classification,3000,1536,2,997,498,dr,dr:RandProj,svm,0.7983,0.03
modernbert_imdb,transformer NLP,classification,3000,1536,2,997,249,select,select:vote,linear,0.79,83.29
modernbert_imdb,transformer NLP,classification,3000,1536,2,997,249,select,select:vote,knn,0.7217,83.29
modernbert_imdb,transformer NLP,classification,3000,1536,2,997,249,select,select:vote,svm,0.815,83.29
modernbert_imdb,transformer NLP,classification,3000,1536,2,997,249,select,select:rf,linear,0.7967,83.29
modernbert_imdb,transformer NLP,classification,3000,1536,2,997,249,select,select:rf,knn,0.7317,83.29
modernbert_imdb,transformer NLP,classification,3000,1536,2,997,249,select,select:rf,svm,0.81,83.29
modernbert_imdb,transformer NLP,classification,3000,1536,2,997,249,select,select:xg,linear,0.78,83.29
modernbert_imdb,transformer NLP,classification,3000,1536,2,997,249,select,select:xg,knn,0.705,83.29
modernbert_imdb,transformer NLP,classification,3000,1536,2,997,249,select,select:xg,svm,0.8033,83.29
modernbert_imdb,transformer NLP,classification,3000,1536,2,997,249,select,select:mi,linear,0.8033,83.29
modernbert_imdb,transformer NLP,classification,3000,1536,2,997,249,select,select:mi,knn,0.7033,83.29
modernbert_imdb,transformer NLP,classification,3000,1536,2,997,249,select,select:mi,svm,0.82,83.29
modernbert_imdb,transformer NLP,classification,3000,1536,2,997,249,select,select:f_test,linear,0.7917,83.29
modernbert_imdb,transformer NLP,classification,3000,1536,2,997,249,select,select:f_test,knn,0.6933,83.29
modernbert_imdb,transformer NLP,classification,3000,1536,2,997,249,select,select:f_test,svm,0.8267,83.29
modernbert_imdb,transformer NLP,classification,3000,1536,2,997,249,select,select:l1,linear,0.8,83.29
modernbert_imdb,transformer NLP,classification,3000,1536,2,997,249,select,select:l1,knn,0.725,83.29
modernbert_imdb,transformer NLP,classification,3000,1536,2,997,249,select,select:l1,svm,0.83,83.29
modernbert_imdb,transformer NLP,classification,3000,1536,2,997,249,dr,dr:PCA,linear,0.815,0.86
modernbert_imdb,transformer NLP,classification,3000,1536,2,997,249,dr,dr:PCA,knn,0.625,0.86
modernbert_imdb,transformer NLP,classification,3000,1536,2,997,249,dr,dr:PCA,svm,0.8317,0.86
modernbert_imdb,transformer NLP,classification,3000,1536,2,997,249,dr,dr:RandProj,linear,0.7633,0.01
modernbert_imdb,transformer NLP,classification,3000,1536,2,997,249,dr,dr:RandProj,knn,0.6183,0.01
modernbert_imdb,transformer NLP,classification,3000,1536,2,997,249,dr,dr:RandProj,svm,0.79,0.01
modernbert_imdb,transformer NLP,classification,3000,1536,2,997,10,select,select:vote,linear,0.7567,83.29
modernbert_imdb,transformer NLP,classification,3000,1536,2,997,10,select,select:vote,knn,0.7033,83.29
modernbert_imdb,transformer NLP,classification,3000,1536,2,997,10,select,select:vote,svm,0.7633,83.29
modernbert_imdb,transformer NLP,classification,3000,1536,2,997,10,select,select:rf,linear,0.7433,83.29
modernbert_imdb,transformer NLP,classification,3000,1536,2,997,10,select,select:rf,knn,0.7167,83.29
modernbert_imdb,transformer NLP,classification,3000,1536,2,997,10,select,select:rf,svm,0.74,83.29
modernbert_imdb,transformer NLP,classification,3000,1536,2,997,10,select,select:xg,linear,0.74,83.29
modernbert_imdb,transformer NLP,classification,3000,1536,2,997,10,select,select:xg,knn,0.71,83.29
modernbert_imdb,transformer NLP,classification,3000,1536,2,997,10,select,select:xg,svm,0.7233,83.29
modernbert_imdb,transformer NLP,classification,3000,1536,2,997,10,select,select:mi,linear,0.7367,83.29
modernbert_imdb,transformer NLP,classification,3000,1536,2,997,10,select,select:mi,knn,0.7083,83.29
modernbert_imdb,transformer NLP,classification,3000,1536,2,997,10,select,select:mi,svm,0.7267,83.29
modernbert_imdb,transformer NLP,classification,3000,1536,2,997,10,select,select:f_test,linear,0.75,83.29
modernbert_imdb,transformer NLP,classification,3000,1536,2,997,10,select,select:f_test,knn,0.7217,83.29
modernbert_imdb,transformer NLP,classification,3000,1536,2,997,10,select,select:f_test,svm,0.7433,83.29
modernbert_imdb,transformer NLP,classification,3000,1536,2,997,10,select,select:l1,linear,0.7667,83.29
modernbert_imdb,transformer NLP,classification,3000,1536,2,997,10,select,select:l1,knn,0.7483,83.29
modernbert_imdb,transformer NLP,classification,3000,1536,2,997,10,select,select:l1,svm,0.775,83.29
modernbert_imdb,transformer NLP,classification,3000,1536,2,997,10,dr,dr:PCA,linear,0.6983,0.07
modernbert_imdb,transformer NLP,classification,3000,1536,2,997,10,dr,dr:PCA,knn,0.6283,0.07
modernbert_imdb,transformer NLP,classification,3000,1536,2,997,10,dr,dr:PCA,svm,0.69,0.07
modernbert_imdb,transformer NLP,classification,3000,1536,2,997,10,dr,dr:RandProj,linear,0.5517,0.0
modernbert_imdb,transformer NLP,classification,3000,1536,2,997,10,dr,dr:RandProj,knn,0.525,0.0
modernbert_imdb,transformer NLP,classification,3000,1536,2,997,10,dr,dr:RandProj,svm,0.5117,0.0
modernbert_imdb,transformer NLP,classification,3000,1536,2,997,10,dr,dr:ICA,linear,0.6967,0.6
modernbert_imdb,transformer NLP,classification,3000,1536,2,997,10,dr,dr:ICA,knn,0.6283,0.6
modernbert_imdb,transformer NLP,classification,3000,1536,2,997,10,dr,dr:ICA,svm,0.69,0.6
modernbert_imdb,transformer NLP,classification,3000,1536,2,997,10,dr,dr:KernelPCA,linear,0.685,0.71
modernbert_imdb,transformer NLP,classification,3000,1536,2,997,10,dr,dr:KernelPCA,knn,0.66,0.71
modernbert_imdb,transformer NLP,classification,3000,1536,2,997,10,dr,dr:KernelPCA,svm,0.6817,0.71
modernbert_imdb,transformer NLP,classification,3000,1536,2,997,10,dr,dr:Isomap,linear,0.6083,0.94
modernbert_imdb,transformer NLP,classification,3000,1536,2,997,10,dr,dr:Isomap,knn,0.5783,0.94
modernbert_imdb,transformer NLP,classification,3000,1536,2,997,10,dr,dr:Isomap,svm,0.6283,0.94
modernbert_imdb,transformer NLP,classification,3000,1536,2,997,10,dr,dr:UMAP,linear,0.6583,8.73
modernbert_imdb,transformer NLP,classification,3000,1536,2,997,10,dr,dr:UMAP,knn,0.5833,8.73
modernbert_imdb,transformer NLP,classification,3000,1536,2,997,10,dr,dr:UMAP,svm,0.645,8.73
modernbert_imdb,transformer NLP,classification,3000,1536,2,997,10,dr,dr:t-SNE,linear,0.585,49.57
modernbert_imdb,transformer NLP,classification,3000,1536,2,997,10,dr,dr:t-SNE,knn,0.5967,49.57
modernbert_imdb,transformer NLP,classification,3000,1536,2,997,10,dr,dr:t-SNE,svm,0.6467,49.57
modernbert_imdb,transformer NLP,classification,3000,1536,2,997,1,select,select:vote,linear,0.63,83.29
modernbert_imdb,transformer NLP,classification,3000,1536,2,997,1,select,select:vote,knn,0.6083,83.29
modernbert_imdb,transformer NLP,classification,3000,1536,2,997,1,select,select:vote,svm,0.6383,83.29
modernbert_imdb,transformer NLP,classification,3000,1536,2,997,1,select,select:rf,linear,0.63,83.29
modernbert_imdb,transformer NLP,classification,3000,1536,2,997,1,select,select:rf,knn,0.6083,83.29
modernbert_imdb,transformer NLP,classification,3000,1536,2,997,1,select,select:rf,svm,0.6383,83.29
modernbert_imdb,transformer NLP,classification,3000,1536,2,997,1,select,select:xg,linear,0.63,83.29
modernbert_imdb,transformer NLP,classification,3000,1536,2,997,1,select,select:xg,knn,0.6083,83.29
modernbert_imdb,transformer NLP,classification,3000,1536,2,997,1,select,select:xg,svm,0.6383,83.29
modernbert_imdb,transformer NLP,classification,3000,1536,2,997,1,select,select:mi,linear,0.63,83.29
modernbert_imdb,transformer NLP,classification,3000,1536,2,997,1,select,select:mi,knn,0.6083,83.29
modernbert_imdb,transformer NLP,classification,3000,1536,2,997,1,select,select:mi,svm,0.6383,83.29
modernbert_imdb,transformer NLP,classification,3000,1536,2,997,1,select,select:f_test,linear,0.63,83.29
modernbert_imdb,transformer NLP,classification,3000,1536,2,997,1,select,select:f_test,knn,0.6083,83.29
modernbert_imdb,transformer NLP,classification,3000,1536,2,997,1,select,select:f_test,svm,0.6383,83.29
modernbert_imdb,transformer NLP,classification,3000,1536,2,997,1,select,select:l1,linear,0.63,83.29
modernbert_imdb,transformer NLP,classification,3000,1536,2,997,1,select,select:l1,knn,0.6083,83.29
modernbert_imdb,transformer NLP,classification,3000,1536,2,997,1,select,select:l1,svm,0.6383,83.29
modernbert_imdb,transformer NLP,classification,3000,1536,2,997,1,dr,dr:PCA,linear,0.5333,0.02
modernbert_imdb,transformer NLP,classification,3000,1536,2,997,1,dr,dr:PCA,knn,0.5267,0.02
modernbert_imdb,transformer NLP,classification,3000,1536,2,997,1,dr,dr:PCA,svm,0.5383,0.02
modernbert_imdb,transformer NLP,classification,3000,1536,2,997,1,dr,dr:RandProj,linear,0.535,0.01
modernbert_imdb,transformer NLP,classification,3000,1536,2,997,1,dr,dr:RandProj,knn,0.4617,0.01
modernbert_imdb,transformer NLP,classification,3000,1536,2,997,1,dr,dr:RandProj,svm,0.55,0.01
modernbert_imdb,transformer NLP,classification,3000,1536,2,997,1,dr,dr:ICA,linear,0.5333,0.37
modernbert_imdb,transformer NLP,classification,3000,1536,2,997,1,dr,dr:ICA,knn,0.5267,0.37
modernbert_imdb,transformer NLP,classification,3000,1536,2,997,1,dr,dr:ICA,svm,0.5383,0.37
modernbert_imdb,transformer NLP,classification,3000,1536,2,997,1,dr,dr:KernelPCA,linear,0.525,0.71
modernbert_imdb,transformer NLP,classification,3000,1536,2,997,1,dr,dr:KernelPCA,knn,0.5067,0.71
modernbert_imdb,transformer NLP,classification,3000,1536,2,997,1,dr,dr:KernelPCA,svm,0.5467,0.71
modernbert_imdb,transformer NLP,classification,3000,1536,2,997,1,dr,dr:Isomap,linear,0.5333,0.97
modernbert_imdb,transformer NLP,classification,3000,1536,2,997,1,dr,dr:Isomap,knn,0.4883,0.97
modernbert_imdb,transformer NLP,classification,3000,1536,2,997,1,dr,dr:Isomap,svm,0.5467,0.97
modernbert_imdb,transformer NLP,classification,3000,1536,2,997,1,dr,dr:UMAP,linear,0.535,8.15
modernbert_imdb,transformer NLP,classification,3000,1536,2,997,1,dr,dr:UMAP,knn,0.5233,8.15
modernbert_imdb,transformer NLP,classification,3000,1536,2,997,1,dr,dr:UMAP,svm,0.5433,8.15
modernbert_imdb,transformer NLP,classification,3000,1536,2,997,1,dr,dr:t-SNE,linear,0.5367,0.6
modernbert_imdb,transformer NLP,classification,3000,1536,2,997,1,dr,dr:t-SNE,knn,0.5117,0.6
modernbert_imdb,transformer NLP,classification,3000,1536,2,997,1,dr,dr:t-SNE,svm,0.5267,0.6
modernbert_offensive,transformer NLP,classification,4000,1536,2,1133,1536,all,all features,linear,0.6512,0.0
modernbert_offensive,transformer NLP,classification,4000,1536,2,1133,1536,all,all features,knn,0.6937,0.0
modernbert_offensive,transformer NLP,classification,4000,1536,2,1133,1536,all,all features,svm,0.765,0.0
modernbert_offensive,transformer NLP,classification,4000,1536,2,1133,1133,select,select:vote,linear,0.665,175.78
modernbert_offensive,transformer NLP,classification,4000,1536,2,1133,1133,select,select:vote,knn,0.7013,175.78
modernbert_offensive,transformer NLP,classification,4000,1536,2,1133,1133,select,select:vote,svm,0.7638,175.78
modernbert_offensive,transformer NLP,classification,4000,1536,2,1133,1133,select,select:rf,linear,0.6675,175.78
modernbert_offensive,transformer NLP,classification,4000,1536,2,1133,1133,select,select:rf,knn,0.7037,175.78
modernbert_offensive,transformer NLP,classification,4000,1536,2,1133,1133,select,select:rf,svm,0.77,175.78
modernbert_offensive,transformer NLP,classification,4000,1536,2,1133,1133,select,select:xg,linear,0.695,175.78
modernbert_offensive,transformer NLP,classification,4000,1536,2,1133,1133,select,select:xg,knn,0.6987,175.78
modernbert_offensive,transformer NLP,classification,4000,1536,2,1133,1133,select,select:xg,svm,0.76,175.78
modernbert_offensive,transformer NLP,classification,4000,1536,2,1133,1133,select,select:mi,linear,0.6725,175.78
modernbert_offensive,transformer NLP,classification,4000,1536,2,1133,1133,select,select:mi,knn,0.6975,175.78
modernbert_offensive,transformer NLP,classification,4000,1536,2,1133,1133,select,select:mi,svm,0.7625,175.78
modernbert_offensive,transformer NLP,classification,4000,1536,2,1133,1133,select,select:f_test,linear,0.675,175.78
modernbert_offensive,transformer NLP,classification,4000,1536,2,1133,1133,select,select:f_test,knn,0.6913,175.78
modernbert_offensive,transformer NLP,classification,4000,1536,2,1133,1133,select,select:f_test,svm,0.76,175.78
modernbert_offensive,transformer NLP,classification,4000,1536,2,1133,1133,select,select:l1,linear,0.6637,175.78
modernbert_offensive,transformer NLP,classification,4000,1536,2,1133,1133,select,select:l1,knn,0.705,175.78
modernbert_offensive,transformer NLP,classification,4000,1536,2,1133,1133,select,select:l1,svm,0.7575,175.78
modernbert_offensive,transformer NLP,classification,4000,1536,2,1133,1133,dr,dr:PCA,linear,0.67,2.28
modernbert_offensive,transformer NLP,classification,4000,1536,2,1133,1133,dr,dr:PCA,knn,0.5138,2.28
modernbert_offensive,transformer NLP,classification,4000,1536,2,1133,1133,dr,dr:PCA,svm,0.6887,2.28
modernbert_offensive,transformer NLP,classification,4000,1536,2,1133,1133,dr,dr:RandProj,linear,0.6913,0.03
modernbert_offensive,transformer NLP,classification,4000,1536,2,1133,1133,dr,dr:RandProj,knn,0.68,0.03
modernbert_offensive,transformer NLP,classification,4000,1536,2,1133,1133,dr,dr:RandProj,svm,0.7625,0.03
modernbert_offensive,transformer NLP,classification,4000,1536,2,1133,566,select,select:vote,linear,0.7175,175.78
modernbert_offensive,transformer NLP,classification,4000,1536,2,1133,566,select,select:vote,knn,0.7037,175.78
modernbert_offensive,transformer NLP,classification,4000,1536,2,1133,566,select,select:vote,svm,0.765,175.78
modernbert_offensive,transformer NLP,classification,4000,1536,2,1133,566,select,select:rf,linear,0.7288,175.78
modernbert_offensive,transformer NLP,classification,4000,1536,2,1133,566,select,select:rf,knn,0.7113,175.78
modernbert_offensive,transformer NLP,classification,4000,1536,2,1133,566,select,select:rf,svm,0.7675,175.78
modernbert_offensive,transformer NLP,classification,4000,1536,2,1133,566,select,select:xg,linear,0.7225,175.78
modernbert_offensive,transformer NLP,classification,4000,1536,2,1133,566,select,select:xg,knn,0.7087,175.78
modernbert_offensive,transformer NLP,classification,4000,1536,2,1133,566,select,select:xg,svm,0.7675,175.78
modernbert_offensive,transformer NLP,classification,4000,1536,2,1133,566,select,select:mi,linear,0.7188,175.78
modernbert_offensive,transformer NLP,classification,4000,1536,2,1133,566,select,select:mi,knn,0.6875,175.78
modernbert_offensive,transformer NLP,classification,4000,1536,2,1133,566,select,select:mi,svm,0.755,175.78
modernbert_offensive,transformer NLP,classification,4000,1536,2,1133,566,select,select:f_test,linear,0.7375,175.78
modernbert_offensive,transformer NLP,classification,4000,1536,2,1133,566,select,select:f_test,knn,0.7,175.78
modernbert_offensive,transformer NLP,classification,4000,1536,2,1133,566,select,select:f_test,svm,0.7738,175.78
modernbert_offensive,transformer NLP,classification,4000,1536,2,1133,566,select,select:l1,linear,0.685,175.78
modernbert_offensive,transformer NLP,classification,4000,1536,2,1133,566,select,select:l1,knn,0.7188,175.78
modernbert_offensive,transformer NLP,classification,4000,1536,2,1133,566,select,select:l1,svm,0.7512,175.78
modernbert_offensive,transformer NLP,classification,4000,1536,2,1133,566,dr,dr:PCA,linear,0.7163,1.25
modernbert_offensive,transformer NLP,classification,4000,1536,2,1133,566,dr,dr:PCA,knn,0.5437,1.25
modernbert_offensive,transformer NLP,classification,4000,1536,2,1133,566,dr,dr:PCA,svm,0.7512,1.25
modernbert_offensive,transformer NLP,classification,4000,1536,2,1133,566,dr,dr:RandProj,linear,0.7,0.04
modernbert_offensive,transformer NLP,classification,4000,1536,2,1133,566,dr,dr:RandProj,knn,0.6725,0.04
modernbert_offensive,transformer NLP,classification,4000,1536,2,1133,566,dr,dr:RandProj,svm,0.7575,0.04
modernbert_offensive,transformer NLP,classification,4000,1536,2,1133,283,select,select:vote,linear,0.74,175.78
modernbert_offensive,transformer NLP,classification,4000,1536,2,1133,283,select,select:vote,knn,0.7125,175.78
modernbert_offensive,transformer NLP,classification,4000,1536,2,1133,283,select,select:vote,svm,0.7775,175.78
modernbert_offensive,transformer NLP,classification,4000,1536,2,1133,283,select,select:rf,linear,0.7388,175.78
modernbert_offensive,transformer NLP,classification,4000,1536,2,1133,283,select,select:rf,knn,0.7225,175.78
modernbert_offensive,transformer NLP,classification,4000,1536,2,1133,283,select,select:rf,svm,0.7588,175.78
modernbert_offensive,transformer NLP,classification,4000,1536,2,1133,283,select,select:xg,linear,0.7275,175.78
modernbert_offensive,transformer NLP,classification,4000,1536,2,1133,283,select,select:xg,knn,0.7238,175.78
modernbert_offensive,transformer NLP,classification,4000,1536,2,1133,283,select,select:xg,svm,0.7638,175.78
modernbert_offensive,transformer NLP,classification,4000,1536,2,1133,283,select,select:mi,linear,0.7362,175.78
modernbert_offensive,transformer NLP,classification,4000,1536,2,1133,283,select,select:mi,knn,0.72,175.78
modernbert_offensive,transformer NLP,classification,4000,1536,2,1133,283,select,select:mi,svm,0.77,175.78
modernbert_offensive,transformer NLP,classification,4000,1536,2,1133,283,select,select:f_test,linear,0.7512,175.78
modernbert_offensive,transformer NLP,classification,4000,1536,2,1133,283,select,select:f_test,knn,0.7025,175.78
modernbert_offensive,transformer NLP,classification,4000,1536,2,1133,283,select,select:f_test,svm,0.7688,175.78
modernbert_offensive,transformer NLP,classification,4000,1536,2,1133,283,select,select:l1,linear,0.7087,175.78
modernbert_offensive,transformer NLP,classification,4000,1536,2,1133,283,select,select:l1,knn,0.7037,175.78
modernbert_offensive,transformer NLP,classification,4000,1536,2,1133,283,select,select:l1,svm,0.7512,175.78
modernbert_offensive,transformer NLP,classification,4000,1536,2,1133,283,dr,dr:PCA,linear,0.7412,1.0
modernbert_offensive,transformer NLP,classification,4000,1536,2,1133,283,dr,dr:PCA,knn,0.6075,1.0
modernbert_offensive,transformer NLP,classification,4000,1536,2,1133,283,dr,dr:PCA,svm,0.755,1.0
modernbert_offensive,transformer NLP,classification,4000,1536,2,1133,283,dr,dr:RandProj,linear,0.7288,0.04
modernbert_offensive,transformer NLP,classification,4000,1536,2,1133,283,dr,dr:RandProj,knn,0.6775,0.04
modernbert_offensive,transformer NLP,classification,4000,1536,2,1133,283,dr,dr:RandProj,svm,0.74,0.04
modernbert_offensive,transformer NLP,classification,4000,1536,2,1133,10,select,select:vote,linear,0.7375,175.78
modernbert_offensive,transformer NLP,classification,4000,1536,2,1133,10,select,select:vote,knn,0.7137,175.78
modernbert_offensive,transformer NLP,classification,4000,1536,2,1133,10,select,select:vote,svm,0.7475,175.78
modernbert_offensive,transformer NLP,classification,4000,1536,2,1133,10,select,select:rf,linear,0.7325,175.78
modernbert_offensive,transformer NLP,classification,4000,1536,2,1133,10,select,select:rf,knn,0.7163,175.78
modernbert_offensive,transformer NLP,classification,4000,1536,2,1133,10,select,select:rf,svm,0.74,175.78
modernbert_offensive,transformer NLP,classification,4000,1536,2,1133,10,select,select:xg,linear,0.73,175.78
modernbert_offensive,transformer NLP,classification,4000,1536,2,1133,10,select,select:xg,knn,0.6913,175.78
modernbert_offensive,transformer NLP,classification,4000,1536,2,1133,10,select,select:xg,svm,0.7312,175.78
modernbert_offensive,transformer NLP,classification,4000,1536,2,1133,10,select,select:mi,linear,0.7225,175.78
modernbert_offensive,transformer NLP,classification,4000,1536,2,1133,10,select,select:mi,knn,0.6613,175.78
modernbert_offensive,transformer NLP,classification,4000,1536,2,1133,10,select,select:mi,svm,0.7075,175.78
modernbert_offensive,transformer NLP,classification,4000,1536,2,1133,10,select,select:f_test,linear,0.7412,175.78
modernbert_offensive,transformer NLP,classification,4000,1536,2,1133,10,select,select:f_test,knn,0.7125,175.78
modernbert_offensive,transformer NLP,classification,4000,1536,2,1133,10,select,select:f_test,svm,0.7338,175.78
modernbert_offensive,transformer NLP,classification,4000,1536,2,1133,10,select,select:l1,linear,0.7388,175.78
modernbert_offensive,transformer NLP,classification,4000,1536,2,1133,10,select,select:l1,knn,0.705,175.78
modernbert_offensive,transformer NLP,classification,4000,1536,2,1133,10,select,select:l1,svm,0.7312,175.78
modernbert_offensive,transformer NLP,classification,4000,1536,2,1133,10,dr,dr:PCA,linear,0.7113,0.03
modernbert_offensive,transformer NLP,classification,4000,1536,2,1133,10,dr,dr:PCA,knn,0.7087,0.03
modernbert_offensive,transformer NLP,classification,4000,1536,2,1133,10,dr,dr:PCA,svm,0.7075,0.03
modernbert_offensive,transformer NLP,classification,4000,1536,2,1133,10,dr,dr:RandProj,linear,0.6637,0.0
modernbert_offensive,transformer NLP,classification,4000,1536,2,1133,10,dr,dr:RandProj,knn,0.6362,0.0
modernbert_offensive,transformer NLP,classification,4000,1536,2,1133,10,dr,dr:RandProj,svm,0.6663,0.0
modernbert_offensive,transformer NLP,classification,4000,1536,2,1133,10,dr,dr:ICA,linear,0.7113,0.7
modernbert_offensive,transformer NLP,classification,4000,1536,2,1133,10,dr,dr:ICA,knn,0.7087,0.7
modernbert_offensive,transformer NLP,classification,4000,1536,2,1133,10,dr,dr:ICA,svm,0.7075,0.7
modernbert_offensive,transformer NLP,classification,4000,1536,2,1133,10,dr,dr:KernelPCA,linear,0.705,0.86
modernbert_offensive,transformer NLP,classification,4000,1536,2,1133,10,dr,dr:KernelPCA,knn,0.6963,0.86
modernbert_offensive,transformer NLP,classification,4000,1536,2,1133,10,dr,dr:KernelPCA,svm,0.7087,0.86
modernbert_offensive,transformer NLP,classification,4000,1536,2,1133,10,dr,dr:Isomap,linear,0.6713,1.5
modernbert_offensive,transformer NLP,classification,4000,1536,2,1133,10,dr,dr:Isomap,knn,0.6663,1.5
modernbert_offensive,transformer NLP,classification,4000,1536,2,1133,10,dr,dr:Isomap,svm,0.6725,1.5
modernbert_offensive,transformer NLP,classification,4000,1536,2,1133,10,dr,dr:UMAP,linear,0.6763,13.87
modernbert_offensive,transformer NLP,classification,4000,1536,2,1133,10,dr,dr:UMAP,knn,0.665,13.87
modernbert_offensive,transformer NLP,classification,4000,1536,2,1133,10,dr,dr:UMAP,svm,0.695,13.87
modernbert_offensive,transformer NLP,classification,4000,1536,2,1133,10,dr,dr:t-SNE,linear,0.6637,86.79
modernbert_offensive,transformer NLP,classification,4000,1536,2,1133,10,dr,dr:t-SNE,knn,0.6737,86.79
modernbert_offensive,transformer NLP,classification,4000,1536,2,1133,10,dr,dr:t-SNE,svm,0.685,86.79
modernbert_offensive,transformer NLP,classification,4000,1536,2,1133,1,select,select:vote,linear,0.68,175.78
modernbert_offensive,transformer NLP,classification,4000,1536,2,1133,1,select,select:vote,knn,0.6488,175.78
modernbert_offensive,transformer NLP,classification,4000,1536,2,1133,1,select,select:vote,svm,0.6675,175.78
modernbert_offensive,transformer NLP,classification,4000,1536,2,1133,1,select,select:rf,linear,0.68,175.78
modernbert_offensive,transformer NLP,classification,4000,1536,2,1133,1,select,select:rf,knn,0.6488,175.78
modernbert_offensive,transformer NLP,classification,4000,1536,2,1133,1,select,select:rf,svm,0.6675,175.78
modernbert_offensive,transformer NLP,classification,4000,1536,2,1133,1,select,select:xg,linear,0.68,175.78
modernbert_offensive,transformer NLP,classification,4000,1536,2,1133,1,select,select:xg,knn,0.6488,175.78
modernbert_offensive,transformer NLP,classification,4000,1536,2,1133,1,select,select:xg,svm,0.6675,175.78
modernbert_offensive,transformer NLP,classification,4000,1536,2,1133,1,select,select:mi,linear,0.6625,175.78
modernbert_offensive,transformer NLP,classification,4000,1536,2,1133,1,select,select:mi,knn,0.6388,175.78
modernbert_offensive,transformer NLP,classification,4000,1536,2,1133,1,select,select:mi,svm,0.665,175.78
modernbert_offensive,transformer NLP,classification,4000,1536,2,1133,1,select,select:f_test,linear,0.68,175.78
modernbert_offensive,transformer NLP,classification,4000,1536,2,1133,1,select,select:f_test,knn,0.6488,175.78
modernbert_offensive,transformer NLP,classification,4000,1536,2,1133,1,select,select:f_test,svm,0.6675,175.78
modernbert_offensive,transformer NLP,classification,4000,1536,2,1133,1,select,select:l1,linear,0.68,175.78
modernbert_offensive,transformer NLP,classification,4000,1536,2,1133,1,select,select:l1,knn,0.6488,175.78
modernbert_offensive,transformer NLP,classification,4000,1536,2,1133,1,select,select:l1,svm,0.6675,175.78
modernbert_offensive,transformer NLP,classification,4000,1536,2,1133,1,dr,dr:PCA,linear,0.665,0.02
modernbert_offensive,transformer NLP,classification,4000,1536,2,1133,1,dr,dr:PCA,knn,0.6175,0.02
modernbert_offensive,transformer NLP,classification,4000,1536,2,1133,1,dr,dr:PCA,svm,0.665,0.02
modernbert_offensive,transformer NLP,classification,4000,1536,2,1133,1,dr,dr:RandProj,linear,0.665,0.01
modernbert_offensive,transformer NLP,classification,4000,1536,2,1133,1,dr,dr:RandProj,knn,0.6338,0.01
modernbert_offensive,transformer NLP,classification,4000,1536,2,1133,1,dr,dr:RandProj,svm,0.665,0.01
modernbert_offensive,transformer NLP,classification,4000,1536,2,1133,1,dr,dr:ICA,linear,0.665,0.49
modernbert_offensive,transformer NLP,classification,4000,1536,2,1133,1,dr,dr:ICA,knn,0.6175,0.49
modernbert_offensive,transformer NLP,classification,4000,1536,2,1133,1,dr,dr:ICA,svm,0.665,0.49
modernbert_offensive,transformer NLP,classification,4000,1536,2,1133,1,dr,dr:KernelPCA,linear,0.665,0.85
modernbert_offensive,transformer NLP,classification,4000,1536,2,1133,1,dr,dr:KernelPCA,knn,0.6238,0.85
modernbert_offensive,transformer NLP,classification,4000,1536,2,1133,1,dr,dr:KernelPCA,svm,0.665,0.85
modernbert_offensive,transformer NLP,classification,4000,1536,2,1133,1,dr,dr:Isomap,linear,0.665,1.56
modernbert_offensive,transformer NLP,classification,4000,1536,2,1133,1,dr,dr:Isomap,knn,0.63,1.56
modernbert_offensive,transformer NLP,classification,4000,1536,2,1133,1,dr,dr:Isomap,svm,0.665,1.56
modernbert_offensive,transformer NLP,classification,4000,1536,2,1133,1,dr,dr:UMAP,linear,0.665,13.09
modernbert_offensive,transformer NLP,classification,4000,1536,2,1133,1,dr,dr:UMAP,knn,0.645,13.09
modernbert_offensive,transformer NLP,classification,4000,1536,2,1133,1,dr,dr:UMAP,svm,0.665,13.09
modernbert_offensive,transformer NLP,classification,4000,1536,2,1133,1,dr,dr:t-SNE,linear,0.665,0.8
modernbert_offensive,transformer NLP,classification,4000,1536,2,1133,1,dr,dr:t-SNE,knn,0.6462,0.8
modernbert_offensive,transformer NLP,classification,4000,1536,2,1133,1,dr,dr:t-SNE,svm,0.665,0.8
modernbert_subjectivity,transformer NLP,classification,4000,1536,2,1206,1536,all,all features,linear,0.9062,0.0
modernbert_subjectivity,transformer NLP,classification,4000,1536,2,1206,1536,all,all features,knn,0.8788,0.0
modernbert_subjectivity,transformer NLP,classification,4000,1536,2,1206,1536,all,all features,svm,0.9175,0.0
modernbert_subjectivity,transformer NLP,classification,4000,1536,2,1206,1206,select,select:vote,linear,0.9125,50.97
modernbert_subjectivity,transformer NLP,classification,4000,1536,2,1206,1206,select,select:vote,knn,0.8775,50.97
modernbert_subjectivity,transformer NLP,classification,4000,1536,2,1206,1206,select,select:vote,svm,0.9163,50.97
modernbert_subjectivity,transformer NLP,classification,4000,1536,2,1206,1206,select,select:rf,linear,0.9137,50.97
modernbert_subjectivity,transformer NLP,classification,4000,1536,2,1206,1206,select,select:rf,knn,0.8812,50.97
modernbert_subjectivity,transformer NLP,classification,4000,1536,2,1206,1206,select,select:rf,svm,0.9237,50.97
modernbert_subjectivity,transformer NLP,classification,4000,1536,2,1206,1206,select,select:xg,linear,0.9087,50.97
modernbert_subjectivity,transformer NLP,classification,4000,1536,2,1206,1206,select,select:xg,knn,0.8838,50.97
modernbert_subjectivity,transformer NLP,classification,4000,1536,2,1206,1206,select,select:xg,svm,0.9187,50.97
modernbert_subjectivity,transformer NLP,classification,4000,1536,2,1206,1206,select,select:mi,linear,0.895,50.97
modernbert_subjectivity,transformer NLP,classification,4000,1536,2,1206,1206,select,select:mi,knn,0.8762,50.97
modernbert_subjectivity,transformer NLP,classification,4000,1536,2,1206,1206,select,select:mi,svm,0.915,50.97
modernbert_subjectivity,transformer NLP,classification,4000,1536,2,1206,1206,select,select:f_test,linear,0.8975,50.97
modernbert_subjectivity,transformer NLP,classification,4000,1536,2,1206,1206,select,select:f_test,knn,0.8862,50.97
modernbert_subjectivity,transformer NLP,classification,4000,1536,2,1206,1206,select,select:f_test,svm,0.92,50.97
modernbert_subjectivity,transformer NLP,classification,4000,1536,2,1206,1206,select,select:l1,linear,0.9113,50.97
modernbert_subjectivity,transformer NLP,classification,4000,1536,2,1206,1206,select,select:l1,knn,0.8875,50.97
modernbert_subjectivity,transformer NLP,classification,4000,1536,2,1206,1206,select,select:l1,svm,0.925,50.97
modernbert_subjectivity,transformer NLP,classification,4000,1536,2,1206,1206,dr,dr:PCA,linear,0.8588,2.07
modernbert_subjectivity,transformer NLP,classification,4000,1536,2,1206,1206,dr,dr:PCA,knn,0.6025,2.07
modernbert_subjectivity,transformer NLP,classification,4000,1536,2,1206,1206,dr,dr:PCA,svm,0.8762,2.07
modernbert_subjectivity,transformer NLP,classification,4000,1536,2,1206,1206,dr,dr:RandProj,linear,0.8875,0.03
modernbert_subjectivity,transformer NLP,classification,4000,1536,2,1206,1206,dr,dr:RandProj,knn,0.88,0.03
modernbert_subjectivity,transformer NLP,classification,4000,1536,2,1206,1206,dr,dr:RandProj,svm,0.9038,0.03
modernbert_subjectivity,transformer NLP,classification,4000,1536,2,1206,603,select,select:vote,linear,0.8862,50.97
modernbert_subjectivity,transformer NLP,classification,4000,1536,2,1206,603,select,select:vote,knn,0.8988,50.97
modernbert_subjectivity,transformer NLP,classification,4000,1536,2,1206,603,select,select:vote,svm,0.9263,50.97
modernbert_subjectivity,transformer NLP,classification,4000,1536,2,1206,603,select,select:rf,linear,0.8912,50.97
modernbert_subjectivity,transformer NLP,classification,4000,1536,2,1206,603,select,select:rf,knn,0.8825,50.97
modernbert_subjectivity,transformer NLP,classification,4000,1536,2,1206,603,select,select:rf,svm,0.9263,50.97
modernbert_subjectivity,transformer NLP,classification,4000,1536,2,1206,603,select,select:xg,linear,0.8938,50.97
modernbert_subjectivity,transformer NLP,classification,4000,1536,2,1206,603,select,select:xg,knn,0.8938,50.97
modernbert_subjectivity,transformer NLP,classification,4000,1536,2,1206,603,select,select:xg,svm,0.9213,50.97
modernbert_subjectivity,transformer NLP,classification,4000,1536,2,1206,603,select,select:mi,linear,0.8662,50.97
modernbert_subjectivity,transformer NLP,classification,4000,1536,2,1206,603,select,select:mi,knn,0.8975,50.97
modernbert_subjectivity,transformer NLP,classification,4000,1536,2,1206,603,select,select:mi,svm,0.9187,50.97
modernbert_subjectivity,transformer NLP,classification,4000,1536,2,1206,603,select,select:f_test,linear,0.89,50.97
modernbert_subjectivity,transformer NLP,classification,4000,1536,2,1206,603,select,select:f_test,knn,0.89,50.97
modernbert_subjectivity,transformer NLP,classification,4000,1536,2,1206,603,select,select:f_test,svm,0.9213,50.97
modernbert_subjectivity,transformer NLP,classification,4000,1536,2,1206,603,select,select:l1,linear,0.9062,50.97
modernbert_subjectivity,transformer NLP,classification,4000,1536,2,1206,603,select,select:l1,knn,0.8838,50.97
modernbert_subjectivity,transformer NLP,classification,4000,1536,2,1206,603,select,select:l1,svm,0.9187,50.97
modernbert_subjectivity,transformer NLP,classification,4000,1536,2,1206,603,dr,dr:PCA,linear,0.8875,1.54
modernbert_subjectivity,transformer NLP,classification,4000,1536,2,1206,603,dr,dr:PCA,knn,0.6713,1.54
modernbert_subjectivity,transformer NLP,classification,4000,1536,2,1206,603,dr,dr:PCA,svm,0.9113,1.54
modernbert_subjectivity,transformer NLP,classification,4000,1536,2,1206,603,dr,dr:RandProj,linear,0.8575,0.02
modernbert_subjectivity,transformer NLP,classification,4000,1536,2,1206,603,dr,dr:RandProj,knn,0.88,0.02
modernbert_subjectivity,transformer NLP,classification,4000,1536,2,1206,603,dr,dr:RandProj,svm,0.8988,0.02
modernbert_subjectivity,transformer NLP,classification,4000,1536,2,1206,301,select,select:vote,linear,0.9062,50.97
modernbert_subjectivity,transformer NLP,classification,4000,1536,2,1206,301,select,select:vote,knn,0.8912,50.97
modernbert_subjectivity,transformer NLP,classification,4000,1536,2,1206,301,select,select:vote,svm,0.9213,50.97
modernbert_subjectivity,transformer NLP,classification,4000,1536,2,1206,301,select,select:rf,linear,0.9062,50.97
modernbert_subjectivity,transformer NLP,classification,4000,1536,2,1206,301,select,select:rf,knn,0.8912,50.97
modernbert_subjectivity,transformer NLP,classification,4000,1536,2,1206,301,select,select:rf,svm,0.9125,50.97
modernbert_subjectivity,transformer NLP,classification,4000,1536,2,1206,301,select,select:xg,linear,0.89,50.97
modernbert_subjectivity,transformer NLP,classification,4000,1536,2,1206,301,select,select:xg,knn,0.895,50.97
modernbert_subjectivity,transformer NLP,classification,4000,1536,2,1206,301,select,select:xg,svm,0.9237,50.97
modernbert_subjectivity,transformer NLP,classification,4000,1536,2,1206,301,select,select:mi,linear,0.8962,50.97
modernbert_subjectivity,transformer NLP,classification,4000,1536,2,1206,301,select,select:mi,knn,0.8875,50.97
modernbert_subjectivity,transformer NLP,classification,4000,1536,2,1206,301,select,select:mi,svm,0.9125,50.97
modernbert_subjectivity,transformer NLP,classification,4000,1536,2,1206,301,select,select:f_test,linear,0.8975,50.97
modernbert_subjectivity,transformer NLP,classification,4000,1536,2,1206,301,select,select:f_test,knn,0.8975,50.97
modernbert_subjectivity,transformer NLP,classification,4000,1536,2,1206,301,select,select:f_test,svm,0.9137,50.97
modernbert_subjectivity,transformer NLP,classification,4000,1536,2,1206,301,select,select:l1,linear,0.8912,50.97
modernbert_subjectivity,transformer NLP,classification,4000,1536,2,1206,301,select,select:l1,knn,0.8988,50.97
modernbert_subjectivity,transformer NLP,classification,4000,1536,2,1206,301,select,select:l1,svm,0.9263,50.97
modernbert_subjectivity,transformer NLP,classification,4000,1536,2,1206,301,dr,dr:PCA,linear,0.9163,1.12
modernbert_subjectivity,transformer NLP,classification,4000,1536,2,1206,301,dr,dr:PCA,knn,0.7712,1.12
modernbert_subjectivity,transformer NLP,classification,4000,1536,2,1206,301,dr,dr:PCA,svm,0.93,1.12
modernbert_subjectivity,transformer NLP,classification,4000,1536,2,1206,301,dr,dr:RandProj,linear,0.87,0.01
modernbert_subjectivity,transformer NLP,classification,4000,1536,2,1206,301,dr,dr:RandProj,knn,0.8588,0.01
modernbert_subjectivity,transformer NLP,classification,4000,1536,2,1206,301,dr,dr:RandProj,svm,0.8788,0.01
modernbert_subjectivity,transformer NLP,classification,4000,1536,2,1206,10,select,select:vote,linear,0.835,50.97
modernbert_subjectivity,transformer NLP,classification,4000,1536,2,1206,10,select,select:vote,knn,0.81,50.97
modernbert_subjectivity,transformer NLP,classification,4000,1536,2,1206,10,select,select:vote,svm,0.8375,50.97
modernbert_subjectivity,transformer NLP,classification,4000,1536,2,1206,10,select,select:rf,linear,0.84,50.97
modernbert_subjectivity,transformer NLP,classification,4000,1536,2,1206,10,select,select:rf,knn,0.8237,50.97
modernbert_subjectivity,transformer NLP,classification,4000,1536,2,1206,10,select,select:rf,svm,0.8313,50.97
modernbert_subjectivity,transformer NLP,classification,4000,1536,2,1206,10,select,select:xg,linear,0.8287,50.97
modernbert_subjectivity,transformer NLP,classification,4000,1536,2,1206,10,select,select:xg,knn,0.815,50.97
modernbert_subjectivity,transformer NLP,classification,4000,1536,2,1206,10,select,select:xg,svm,0.8363,50.97
modernbert_subjectivity,transformer NLP,classification,4000,1536,2,1206,10,select,select:mi,linear,0.8337,50.97
modernbert_subjectivity,transformer NLP,classification,4000,1536,2,1206,10,select,select:mi,knn,0.8087,50.97
modernbert_subjectivity,transformer NLP,classification,4000,1536,2,1206,10,select,select:mi,svm,0.8325,50.97
modernbert_subjectivity,transformer NLP,classification,4000,1536,2,1206,10,select,select:f_test,linear,0.8387,50.97
modernbert_subjectivity,transformer NLP,classification,4000,1536,2,1206,10,select,select:f_test,knn,0.8175,50.97
modernbert_subjectivity,transformer NLP,classification,4000,1536,2,1206,10,select,select:f_test,svm,0.8375,50.97
modernbert_subjectivity,transformer NLP,classification,4000,1536,2,1206,10,select,select:l1,linear,0.8387,50.97
modernbert_subjectivity,transformer NLP,classification,4000,1536,2,1206,10,select,select:l1,knn,0.8175,50.97
modernbert_subjectivity,transformer NLP,classification,4000,1536,2,1206,10,select,select:l1,svm,0.8375,50.97
modernbert_subjectivity,transformer NLP,classification,4000,1536,2,1206,10,dr,dr:PCA,linear,0.885,0.03
modernbert_subjectivity,transformer NLP,classification,4000,1536,2,1206,10,dr,dr:PCA,knn,0.8688,0.03
modernbert_subjectivity,transformer NLP,classification,4000,1536,2,1206,10,dr,dr:PCA,svm,0.89,0.03
modernbert_subjectivity,transformer NLP,classification,4000,1536,2,1206,10,dr,dr:RandProj,linear,0.675,0.01
modernbert_subjectivity,transformer NLP,classification,4000,1536,2,1206,10,dr,dr:RandProj,knn,0.62,0.01
modernbert_subjectivity,transformer NLP,classification,4000,1536,2,1206,10,dr,dr:RandProj,svm,0.6837,0.01
modernbert_subjectivity,transformer NLP,classification,4000,1536,2,1206,10,dr,dr:ICA,linear,0.885,0.6
modernbert_subjectivity,transformer NLP,classification,4000,1536,2,1206,10,dr,dr:ICA,knn,0.865,0.6
modernbert_subjectivity,transformer NLP,classification,4000,1536,2,1206,10,dr,dr:ICA,svm,0.89,0.6
modernbert_subjectivity,transformer NLP,classification,4000,1536,2,1206,10,dr,dr:KernelPCA,linear,0.8762,0.78
modernbert_subjectivity,transformer NLP,classification,4000,1536,2,1206,10,dr,dr:KernelPCA,knn,0.8688,0.78
modernbert_subjectivity,transformer NLP,classification,4000,1536,2,1206,10,dr,dr:KernelPCA,svm,0.8862,0.78
modernbert_subjectivity,transformer NLP,classification,4000,1536,2,1206,10,dr,dr:Isomap,linear,0.845,1.55
modernbert_subjectivity,transformer NLP,classification,4000,1536,2,1206,10,dr,dr:Isomap,knn,0.8287,1.55
modernbert_subjectivity,transformer NLP,classification,4000,1536,2,1206,10,dr,dr:Isomap,svm,0.8562,1.55
modernbert_subjectivity,transformer NLP,classification,4000,1536,2,1206,10,dr,dr:UMAP,linear,0.8712,14.1
modernbert_subjectivity,transformer NLP,classification,4000,1536,2,1206,10,dr,dr:UMAP,knn,0.8512,14.1
modernbert_subjectivity,transformer NLP,classification,4000,1536,2,1206,10,dr,dr:UMAP,svm,0.87,14.1
modernbert_subjectivity,transformer NLP,classification,4000,1536,2,1206,10,dr,dr:t-SNE,linear,0.8175,86.08
modernbert_subjectivity,transformer NLP,classification,4000,1536,2,1206,10,dr,dr:t-SNE,knn,0.8087,86.08
modernbert_subjectivity,transformer NLP,classification,4000,1536,2,1206,10,dr,dr:t-SNE,svm,0.8163,86.08
modernbert_subjectivity,transformer NLP,classification,4000,1536,2,1206,1,select,select:vote,linear,0.6825,50.97
modernbert_subjectivity,transformer NLP,classification,4000,1536,2,1206,1,select,select:vote,knn,0.6438,50.97
modernbert_subjectivity,transformer NLP,classification,4000,1536,2,1206,1,select,select:vote,svm,0.68,50.97
modernbert_subjectivity,transformer NLP,classification,4000,1536,2,1206,1,select,select:rf,linear,0.6925,50.97
modernbert_subjectivity,transformer NLP,classification,4000,1536,2,1206,1,select,select:rf,knn,0.6713,50.97
modernbert_subjectivity,transformer NLP,classification,4000,1536,2,1206,1,select,select:rf,svm,0.695,50.97
modernbert_subjectivity,transformer NLP,classification,4000,1536,2,1206,1,select,select:xg,linear,0.6825,50.97
modernbert_subjectivity,transformer NLP,classification,4000,1536,2,1206,1,select,select:xg,knn,0.6438,50.97
modernbert_subjectivity,transformer NLP,classification,4000,1536,2,1206,1,select,select:xg,svm,0.68,50.97
modernbert_subjectivity,transformer NLP,classification,4000,1536,2,1206,1,select,select:mi,linear,0.6825,50.97
modernbert_subjectivity,transformer NLP,classification,4000,1536,2,1206,1,select,select:mi,knn,0.6438,50.97
modernbert_subjectivity,transformer NLP,classification,4000,1536,2,1206,1,select,select:mi,svm,0.68,50.97
modernbert_subjectivity,transformer NLP,classification,4000,1536,2,1206,1,select,select:f_test,linear,0.6825,50.97
modernbert_subjectivity,transformer NLP,classification,4000,1536,2,1206,1,select,select:f_test,knn,0.6438,50.97
modernbert_subjectivity,transformer NLP,classification,4000,1536,2,1206,1,select,select:f_test,svm,0.68,50.97
modernbert_subjectivity,transformer NLP,classification,4000,1536,2,1206,1,select,select:l1,linear,0.6925,50.97
modernbert_subjectivity,transformer NLP,classification,4000,1536,2,1206,1,select,select:l1,knn,0.6713,50.97
modernbert_subjectivity,transformer NLP,classification,4000,1536,2,1206,1,select,select:l1,svm,0.695,50.97
modernbert_subjectivity,transformer NLP,classification,4000,1536,2,1206,1,dr,dr:PCA,linear,0.5,0.02
modernbert_subjectivity,transformer NLP,classification,4000,1536,2,1206,1,dr,dr:PCA,knn,0.485,0.02
modernbert_subjectivity,transformer NLP,classification,4000,1536,2,1206,1,dr,dr:PCA,svm,0.4975,0.02
modernbert_subjectivity,transformer NLP,classification,4000,1536,2,1206,1,dr,dr:RandProj,linear,0.5375,0.0
modernbert_subjectivity,transformer NLP,classification,4000,1536,2,1206,1,dr,dr:RandProj,knn,0.5138,0.0
modernbert_subjectivity,transformer NLP,classification,4000,1536,2,1206,1,dr,dr:RandProj,svm,0.5413,0.0
modernbert_subjectivity,transformer NLP,classification,4000,1536,2,1206,1,dr,dr:ICA,linear,0.5,0.5
modernbert_subjectivity,transformer NLP,classification,4000,1536,2,1206,1,dr,dr:ICA,knn,0.485,0.5
modernbert_subjectivity,transformer NLP,classification,4000,1536,2,1206,1,dr,dr:ICA,svm,0.4988,0.5
modernbert_subjectivity,transformer NLP,classification,4000,1536,2,1206,1,dr,dr:KernelPCA,linear,0.5325,0.83
modernbert_subjectivity,transformer NLP,classification,4000,1536,2,1206,1,dr,dr:KernelPCA,knn,0.4888,0.83
modernbert_subjectivity,transformer NLP,classification,4000,1536,2,1206,1,dr,dr:KernelPCA,svm,0.54,0.83
modernbert_subjectivity,transformer NLP,classification,4000,1536,2,1206,1,dr,dr:Isomap,linear,0.76,1.62
modernbert_subjectivity,transformer NLP,classification,4000,1536,2,1206,1,dr,dr:Isomap,knn,0.7312,1.62
modernbert_subjectivity,transformer NLP,classification,4000,1536,2,1206,1,dr,dr:Isomap,svm,0.75,1.62
modernbert_subjectivity,transformer NLP,classification,4000,1536,2,1206,1,dr,dr:UMAP,linear,0.6562,13.26
modernbert_subjectivity,transformer NLP,classification,4000,1536,2,1206,1,dr,dr:UMAP,knn,0.6925,13.26
modernbert_subjectivity,transformer NLP,classification,4000,1536,2,1206,1,dr,dr:UMAP,svm,0.6863,13.26
modernbert_subjectivity,transformer NLP,classification,4000,1536,2,1206,1,dr,dr:t-SNE,linear,0.6138,0.82
modernbert_subjectivity,transformer NLP,classification,4000,1536,2,1206,1,dr,dr:t-SNE,knn,0.6687,0.82
modernbert_subjectivity,transformer NLP,classification,4000,1536,2,1206,1,dr,dr:t-SNE,svm,0.6913,0.82
modernbert_sms_spam,transformer NLP,classification,4000,1536,2,1153,1536,all,all features,linear,0.9925,0.0
modernbert_sms_spam,transformer NLP,classification,4000,1536,2,1153,1536,all,all features,knn,0.9875,0.0
modernbert_sms_spam,transformer NLP,classification,4000,1536,2,1153,1536,all,all features,svm,0.9912,0.0
modernbert_sms_spam,transformer NLP,classification,4000,1536,2,1153,1153,select,select:vote,linear,0.9912,112.81
modernbert_sms_spam,transformer NLP,classification,4000,1536,2,1153,1153,select,select:vote,knn,0.9875,112.81
modernbert_sms_spam,transformer NLP,classification,4000,1536,2,1153,1153,select,select:vote,svm,0.9912,112.81
modernbert_sms_spam,transformer NLP,classification,4000,1536,2,1153,1153,select,select:rf,linear,0.9938,112.81
modernbert_sms_spam,transformer NLP,classification,4000,1536,2,1153,1153,select,select:rf,knn,0.9875,112.81
modernbert_sms_spam,transformer NLP,classification,4000,1536,2,1153,1153,select,select:rf,svm,0.9912,112.81
modernbert_sms_spam,transformer NLP,classification,4000,1536,2,1153,1153,select,select:xg,linear,0.9925,112.81
modernbert_sms_spam,transformer NLP,classification,4000,1536,2,1153,1153,select,select:xg,knn,0.9888,112.81
modernbert_sms_spam,transformer NLP,classification,4000,1536,2,1153,1153,select,select:xg,svm,0.9912,112.81
modernbert_sms_spam,transformer NLP,classification,4000,1536,2,1153,1153,select,select:mi,linear,0.9925,112.81
modernbert_sms_spam,transformer NLP,classification,4000,1536,2,1153,1153,select,select:mi,knn,0.9875,112.81
modernbert_sms_spam,transformer NLP,classification,4000,1536,2,1153,1153,select,select:mi,svm,0.9912,112.81
modernbert_sms_spam,transformer NLP,classification,4000,1536,2,1153,1153,select,select:f_test,linear,0.9925,112.81
modernbert_sms_spam,transformer NLP,classification,4000,1536,2,1153,1153,select,select:f_test,knn,0.9875,112.81
modernbert_sms_spam,transformer NLP,classification,4000,1536,2,1153,1153,select,select:f_test,svm,0.9912,112.81
modernbert_sms_spam,transformer NLP,classification,4000,1536,2,1153,1153,select,select:l1,linear,0.9938,112.81
modernbert_sms_spam,transformer NLP,classification,4000,1536,2,1153,1153,select,select:l1,knn,0.9875,112.81
modernbert_sms_spam,transformer NLP,classification,4000,1536,2,1153,1153,select,select:l1,svm,0.9912,112.81
modernbert_sms_spam,transformer NLP,classification,4000,1536,2,1153,1153,dr,dr:PCA,linear,0.9862,2.08
modernbert_sms_spam,transformer NLP,classification,4000,1536,2,1153,1153,dr,dr:PCA,knn,0.8612,2.08
modernbert_sms_spam,transformer NLP,classification,4000,1536,2,1153,1153,dr,dr:PCA,svm,0.935,2.08
modernbert_sms_spam,transformer NLP,classification,4000,1536,2,1153,1153,dr,dr:RandProj,linear,0.9912,0.03
modernbert_sms_spam,transformer NLP,classification,4000,1536,2,1153,1153,dr,dr:RandProj,knn,0.9875,0.03
modernbert_sms_spam,transformer NLP,classification,4000,1536,2,1153,1153,dr,dr:RandProj,svm,0.9912,0.03
modernbert_sms_spam,transformer NLP,classification,4000,1536,2,1153,576,select,select:vote,linear,0.9925,112.81
modernbert_sms_spam,transformer NLP,classification,4000,1536,2,1153,576,select,select:vote,knn,0.9888,112.81
modernbert_sms_spam,transformer NLP,classification,4000,1536,2,1153,576,select,select:vote,svm,0.9912,112.81
modernbert_sms_spam,transformer NLP,classification,4000,1536,2,1153,576,select,select:rf,linear,0.9925,112.81
modernbert_sms_spam,transformer NLP,classification,4000,1536,2,1153,576,select,select:rf,knn,0.9912,112.81
modernbert_sms_spam,transformer NLP,classification,4000,1536,2,1153,576,select,select:rf,svm,0.9912,112.81
modernbert_sms_spam,transformer NLP,classification,4000,1536,2,1153,576,select,select:xg,linear,0.9938,112.81
modernbert_sms_spam,transformer NLP,classification,4000,1536,2,1153,576,select,select:xg,knn,0.99,112.81
modernbert_sms_spam,transformer NLP,classification,4000,1536,2,1153,576,select,select:xg,svm,0.9912,112.81
modernbert_sms_spam,transformer NLP,classification,4000,1536,2,1153,576,select,select:mi,linear,0.9912,112.81
modernbert_sms_spam,transformer NLP,classification,4000,1536,2,1153,576,select,select:mi,knn,0.9875,112.81
modernbert_sms_spam,transformer NLP,classification,4000,1536,2,1153,576,select,select:mi,svm,0.9912,112.81
modernbert_sms_spam,transformer NLP,classification,4000,1536,2,1153,576,select,select:f_test,linear,0.9925,112.81
modernbert_sms_spam,transformer NLP,classification,4000,1536,2,1153,576,select,select:f_test,knn,0.9875,112.81
modernbert_sms_spam,transformer NLP,classification,4000,1536,2,1153,576,select,select:f_test,svm,0.9912,112.81
modernbert_sms_spam,transformer NLP,classification,4000,1536,2,1153,576,select,select:l1,linear,0.9938,112.81
modernbert_sms_spam,transformer NLP,classification,4000,1536,2,1153,576,select,select:l1,knn,0.9888,112.81
modernbert_sms_spam,transformer NLP,classification,4000,1536,2,1153,576,select,select:l1,svm,0.9912,112.81
modernbert_sms_spam,transformer NLP,classification,4000,1536,2,1153,576,dr,dr:PCA,linear,0.9888,1.4
modernbert_sms_spam,transformer NLP,classification,4000,1536,2,1153,576,dr,dr:PCA,knn,0.8712,1.4
modernbert_sms_spam,transformer NLP,classification,4000,1536,2,1153,576,dr,dr:PCA,svm,0.9825,1.4
modernbert_sms_spam,transformer NLP,classification,4000,1536,2,1153,576,dr,dr:RandProj,linear,0.9912,0.02
modernbert_sms_spam,transformer NLP,classification,4000,1536,2,1153,576,dr,dr:RandProj,knn,0.9862,0.02
modernbert_sms_spam,transformer NLP,classification,4000,1536,2,1153,576,dr,dr:RandProj,svm,0.99,0.02
modernbert_sms_spam,transformer NLP,classification,4000,1536,2,1153,288,select,select:vote,linear,0.9862,112.81
modernbert_sms_spam,transformer NLP,classification,4000,1536,2,1153,288,select,select:vote,knn,0.9888,112.81
modernbert_sms_spam,transformer NLP,classification,4000,1536,2,1153,288,select,select:vote,svm,0.9888,112.81
modernbert_sms_spam,transformer NLP,classification,4000,1536,2,1153,288,select,select:rf,linear,0.9912,112.81
modernbert_sms_spam,transformer NLP,classification,4000,1536,2,1153,288,select,select:rf,knn,0.9888,112.81
modernbert_sms_spam,transformer NLP,classification,4000,1536,2,1153,288,select,select:rf,svm,0.99,112.81
modernbert_sms_spam,transformer NLP,classification,4000,1536,2,1153,288,select,select:xg,linear,0.9912,112.81
modernbert_sms_spam,transformer NLP,classification,4000,1536,2,1153,288,select,select:xg,knn,0.99,112.81
modernbert_sms_spam,transformer NLP,classification,4000,1536,2,1153,288,select,select:xg,svm,0.9912,112.81
modernbert_sms_spam,transformer NLP,classification,4000,1536,2,1153,288,select,select:mi,linear,0.9912,112.81
modernbert_sms_spam,transformer NLP,classification,4000,1536,2,1153,288,select,select:mi,knn,0.985,112.81
modernbert_sms_spam,transformer NLP,classification,4000,1536,2,1153,288,select,select:mi,svm,0.99,112.81
modernbert_sms_spam,transformer NLP,classification,4000,1536,2,1153,288,select,select:f_test,linear,0.9912,112.81
modernbert_sms_spam,transformer NLP,classification,4000,1536,2,1153,288,select,select:f_test,knn,0.9862,112.81
modernbert_sms_spam,transformer NLP,classification,4000,1536,2,1153,288,select,select:f_test,svm,0.9912,112.81
modernbert_sms_spam,transformer NLP,classification,4000,1536,2,1153,288,select,select:l1,linear,0.9912,112.81
modernbert_sms_spam,transformer NLP,classification,4000,1536,2,1153,288,select,select:l1,knn,0.9912,112.81
modernbert_sms_spam,transformer NLP,classification,4000,1536,2,1153,288,select,select:l1,svm,0.9912,112.81
modernbert_sms_spam,transformer NLP,classification,4000,1536,2,1153,288,dr,dr:PCA,linear,0.99,1.08
modernbert_sms_spam,transformer NLP,classification,4000,1536,2,1153,288,dr,dr:PCA,knn,0.965,1.08
modernbert_sms_spam,transformer NLP,classification,4000,1536,2,1153,288,dr,dr:PCA,svm,0.9925,1.08
modernbert_sms_spam,transformer NLP,classification,4000,1536,2,1153,288,dr,dr:RandProj,linear,0.99,0.01
modernbert_sms_spam,transformer NLP,classification,4000,1536,2,1153,288,dr,dr:RandProj,knn,0.9888,0.01
modernbert_sms_spam,transformer NLP,classification,4000,1536,2,1153,288,dr,dr:RandProj,svm,0.99,0.01
modernbert_sms_spam,transformer NLP,classification,4000,1536,2,1153,10,select,select:vote,linear,0.9712,112.81
modernbert_sms_spam,transformer NLP,classification,4000,1536,2,1153,10,select,select:vote,knn,0.9825,112.81
modernbert_sms_spam,transformer NLP,classification,4000,1536,2,1153,10,select,select:vote,svm,0.9825,112.81
modernbert_sms_spam,transformer NLP,classification,4000,1536,2,1153,10,select,select:rf,linear,0.97,112.81
modernbert_sms_spam,transformer NLP,classification,4000,1536,2,1153,10,select,select:rf,knn,0.975,112.81
modernbert_sms_spam,transformer NLP,classification,4000,1536,2,1153,10,select,select:rf,svm,0.98,112.81
modernbert_sms_spam,transformer NLP,classification,4000,1536,2,1153,10,select,select:xg,linear,0.9712,112.81
modernbert_sms_spam,transformer NLP,classification,4000,1536,2,1153,10,select,select:xg,knn,0.9812,112.81
modernbert_sms_spam,transformer NLP,classification,4000,1536,2,1153,10,select,select:xg,svm,0.98,112.81
modernbert_sms_spam,transformer NLP,classification,4000,1536,2,1153,10,select,select:mi,linear,0.9725,112.81
modernbert_sms_spam,transformer NLP,classification,4000,1536,2,1153,10,select,select:mi,knn,0.98,112.81
modernbert_sms_spam,transformer NLP,classification,4000,1536,2,1153,10,select,select:mi,svm,0.9788,112.81
modernbert_sms_spam,transformer NLP,classification,4000,1536,2,1153,10,select,select:f_test,linear,0.9738,112.81
modernbert_sms_spam,transformer NLP,classification,4000,1536,2,1153,10,select,select:f_test,knn,0.9775,112.81
modernbert_sms_spam,transformer NLP,classification,4000,1536,2,1153,10,select,select:f_test,svm,0.9788,112.81
modernbert_sms_spam,transformer NLP,classification,4000,1536,2,1153,10,select,select:l1,linear,0.9788,112.81
modernbert_sms_spam,transformer NLP,classification,4000,1536,2,1153,10,select,select:l1,knn,0.98,112.81
modernbert_sms_spam,transformer NLP,classification,4000,1536,2,1153,10,select,select:l1,svm,0.9812,112.81
modernbert_sms_spam,transformer NLP,classification,4000,1536,2,1153,10,dr,dr:PCA,linear,0.985,0.06
modernbert_sms_spam,transformer NLP,classification,4000,1536,2,1153,10,dr,dr:PCA,knn,0.9862,0.06
modernbert_sms_spam,transformer NLP,classification,4000,1536,2,1153,10,dr,dr:PCA,svm,0.9875,0.06
modernbert_sms_spam,transformer NLP,classification,4000,1536,2,1153,10,dr,dr:RandProj,linear,0.9187,0.01
modernbert_sms_spam,transformer NLP,classification,4000,1536,2,1153,10,dr,dr:RandProj,knn,0.9287,0.01
modernbert_sms_spam,transformer NLP,classification,4000,1536,2,1153,10,dr,dr:RandProj,svm,0.9337,0.01
modernbert_sms_spam,transformer NLP,classification,4000,1536,2,1153,10,dr,dr:ICA,linear,0.985,0.71
modernbert_sms_spam,transformer NLP,classification,4000,1536,2,1153,10,dr,dr:ICA,knn,0.9862,0.71
modernbert_sms_spam,transformer NLP,classification,4000,1536,2,1153,10,dr,dr:ICA,svm,0.9875,0.71
modernbert_sms_spam,transformer NLP,classification,4000,1536,2,1153,10,dr,dr:KernelPCA,linear,0.985,0.91
modernbert_sms_spam,transformer NLP,classification,4000,1536,2,1153,10,dr,dr:KernelPCA,knn,0.9838,0.91
modernbert_sms_spam,transformer NLP,classification,4000,1536,2,1153,10,dr,dr:KernelPCA,svm,0.985,0.91
modernbert_sms_spam,transformer NLP,classification,4000,1536,2,1153,10,dr,dr:Isomap,linear,0.9888,1.52
modernbert_sms_spam,transformer NLP,classification,4000,1536,2,1153,10,dr,dr:Isomap,knn,0.985,1.52
modernbert_sms_spam,transformer NLP,classification,4000,1536,2,1153,10,dr,dr:Isomap,svm,0.99,1.52
modernbert_sms_spam,transformer NLP,classification,4000,1536,2,1153,10,dr,dr:UMAP,linear,0.9875,13.64
modernbert_sms_spam,transformer NLP,classification,4000,1536,2,1153,10,dr,dr:UMAP,knn,0.9862,13.64
modernbert_sms_spam,transformer NLP,classification,4000,1536,2,1153,10,dr,dr:UMAP,svm,0.9875,13.64
modernbert_sms_spam,transformer NLP,classification,4000,1536,2,1153,10,dr,dr:t-SNE,linear,0.9287,86.32
modernbert_sms_spam,transformer NLP,classification,4000,1536,2,1153,10,dr,dr:t-SNE,knn,0.9888,86.32
modernbert_sms_spam,transformer NLP,classification,4000,1536,2,1153,10,dr,dr:t-SNE,svm,0.9912,86.32
modernbert_sms_spam,transformer NLP,classification,4000,1536,2,1153,1,select,select:vote,linear,0.9375,112.81
modernbert_sms_spam,transformer NLP,classification,4000,1536,2,1153,1,select,select:vote,knn,0.94,112.81
modernbert_sms_spam,transformer NLP,classification,4000,1536,2,1153,1,select,select:vote,svm,0.9437,112.81
modernbert_sms_spam,transformer NLP,classification,4000,1536,2,1153,1,select,select:rf,linear,0.9375,112.81
modernbert_sms_spam,transformer NLP,classification,4000,1536,2,1153,1,select,select:rf,knn,0.94,112.81
modernbert_sms_spam,transformer NLP,classification,4000,1536,2,1153,1,select,select:rf,svm,0.9437,112.81
modernbert_sms_spam,transformer NLP,classification,4000,1536,2,1153,1,select,select:xg,linear,0.9375,112.81
modernbert_sms_spam,transformer NLP,classification,4000,1536,2,1153,1,select,select:xg,knn,0.94,112.81
modernbert_sms_spam,transformer NLP,classification,4000,1536,2,1153,1,select,select:xg,svm,0.9437,112.81
modernbert_sms_spam,transformer NLP,classification,4000,1536,2,1153,1,select,select:mi,linear,0.9375,112.81
modernbert_sms_spam,transformer NLP,classification,4000,1536,2,1153,1,select,select:mi,knn,0.94,112.81
modernbert_sms_spam,transformer NLP,classification,4000,1536,2,1153,1,select,select:mi,svm,0.9437,112.81
modernbert_sms_spam,transformer NLP,classification,4000,1536,2,1153,1,select,select:f_test,linear,0.9375,112.81
modernbert_sms_spam,transformer NLP,classification,4000,1536,2,1153,1,select,select:f_test,knn,0.94,112.81
modernbert_sms_spam,transformer NLP,classification,4000,1536,2,1153,1,select,select:f_test,svm,0.9437,112.81
modernbert_sms_spam,transformer NLP,classification,4000,1536,2,1153,1,select,select:l1,linear,0.9375,112.81
modernbert_sms_spam,transformer NLP,classification,4000,1536,2,1153,1,select,select:l1,knn,0.94,112.81
modernbert_sms_spam,transformer NLP,classification,4000,1536,2,1153,1,select,select:l1,svm,0.9437,112.81
modernbert_sms_spam,transformer NLP,classification,4000,1536,2,1153,1,dr,dr:PCA,linear,0.8425,0.02
modernbert_sms_spam,transformer NLP,classification,4000,1536,2,1153,1,dr,dr:PCA,knn,0.8525,0.02
modernbert_sms_spam,transformer NLP,classification,4000,1536,2,1153,1,dr,dr:PCA,svm,0.8612,0.02
modernbert_sms_spam,transformer NLP,classification,4000,1536,2,1153,1,dr,dr:RandProj,linear,0.855,0.01
modernbert_sms_spam,transformer NLP,classification,4000,1536,2,1153,1,dr,dr:RandProj,knn,0.8638,0.01
modernbert_sms_spam,transformer NLP,classification,4000,1536,2,1153,1,dr,dr:RandProj,svm,0.8612,0.01
modernbert_sms_spam,transformer NLP,classification,4000,1536,2,1153,1,dr,dr:ICA,linear,0.8425,0.48
modernbert_sms_spam,transformer NLP,classification,4000,1536,2,1153,1,dr,dr:ICA,knn,0.8525,0.48
modernbert_sms_spam,transformer NLP,classification,4000,1536,2,1153,1,dr,dr:ICA,svm,0.8612,0.48
modernbert_sms_spam,transformer NLP,classification,4000,1536,2,1153,1,dr,dr:KernelPCA,linear,0.8675,0.94
modernbert_sms_spam,transformer NLP,classification,4000,1536,2,1153,1,dr,dr:KernelPCA,knn,0.8675,0.94
modernbert_sms_spam,transformer NLP,classification,4000,1536,2,1153,1,dr,dr:KernelPCA,svm,0.8612,0.94
modernbert_sms_spam,transformer NLP,classification,4000,1536,2,1153,1,dr,dr:Isomap,linear,0.8862,1.64
modernbert_sms_spam,transformer NLP,classification,4000,1536,2,1153,1,dr,dr:Isomap,knn,0.9313,1.64
modernbert_sms_spam,transformer NLP,classification,4000,1536,2,1153,1,dr,dr:Isomap,svm,0.9387,1.64
modernbert_sms_spam,transformer NLP,classification,4000,1536,2,1153,1,dr,dr:UMAP,linear,0.8287,12.97
modernbert_sms_spam,transformer NLP,classification,4000,1536,2,1153,1,dr,dr:UMAP,knn,0.985,12.97
modernbert_sms_spam,transformer NLP,classification,4000,1536,2,1153,1,dr,dr:UMAP,svm,0.9875,12.97
modernbert_sms_spam,transformer NLP,classification,4000,1536,2,1153,1,dr,dr:t-SNE,linear,0.9637,0.81
modernbert_sms_spam,transformer NLP,classification,4000,1536,2,1153,1,dr,dr:t-SNE,knn,0.9875,0.81
modernbert_sms_spam,transformer NLP,classification,4000,1536,2,1153,1,dr,dr:t-SNE,svm,0.9875,0.81
glove_sst2,classical NLP,classification,4000,300,2,219,300,all,all features,linear,0.7875,0.0
glove_sst2,classical NLP,classification,4000,300,2,219,300,all,all features,knn,0.7125,0.0
glove_sst2,classical NLP,classification,4000,300,2,219,300,all,all features,svm,0.8113,0.0
glove_sst2,classical NLP,classification,4000,300,2,219,219,select,select:vote,linear,0.8013,38.55
glove_sst2,classical NLP,classification,4000,300,2,219,219,select,select:vote,knn,0.7113,38.55
glove_sst2,classical NLP,classification,4000,300,2,219,219,select,select:vote,svm,0.8075,38.55
glove_sst2,classical NLP,classification,4000,300,2,219,219,select,select:rf,linear,0.795,38.55
glove_sst2,classical NLP,classification,4000,300,2,219,219,select,select:rf,knn,0.7,38.55
glove_sst2,classical NLP,classification,4000,300,2,219,219,select,select:rf,svm,0.8137,38.55
glove_sst2,classical NLP,classification,4000,300,2,219,219,select,select:xg,linear,0.7963,38.55
glove_sst2,classical NLP,classification,4000,300,2,219,219,select,select:xg,knn,0.7262,38.55
glove_sst2,classical NLP,classification,4000,300,2,219,219,select,select:xg,svm,0.8075,38.55
glove_sst2,classical NLP,classification,4000,300,2,219,219,select,select:mi,linear,0.8,38.55
glove_sst2,classical NLP,classification,4000,300,2,219,219,select,select:mi,knn,0.715,38.55
glove_sst2,classical NLP,classification,4000,300,2,219,219,select,select:mi,svm,0.8113,38.55
glove_sst2,classical NLP,classification,4000,300,2,219,219,select,select:f_test,linear,0.7937,38.55
glove_sst2,classical NLP,classification,4000,300,2,219,219,select,select:f_test,knn,0.7262,38.55
glove_sst2,classical NLP,classification,4000,300,2,219,219,select,select:f_test,svm,0.805,38.55
glove_sst2,classical NLP,classification,4000,300,2,219,219,select,select:l1,linear,0.7875,38.55
glove_sst2,classical NLP,classification,4000,300,2,219,219,select,select:l1,knn,0.7037,38.55
glove_sst2,classical NLP,classification,4000,300,2,219,219,select,select:l1,svm,0.8075,38.55
glove_sst2,classical NLP,classification,4000,300,2,219,219,dr,dr:PCA,linear,0.7863,0.01
glove_sst2,classical NLP,classification,4000,300,2,219,219,dr,dr:PCA,knn,0.6325,0.01
glove_sst2,classical NLP,classification,4000,300,2,219,219,dr,dr:PCA,svm,0.78,0.01
glove_sst2,classical NLP,classification,4000,300,2,219,219,dr,dr:RandProj,linear,0.7887,0.0
glove_sst2,classical NLP,classification,4000,300,2,219,219,dr,dr:RandProj,knn,0.6937,0.0
glove_sst2,classical NLP,classification,4000,300,2,219,219,dr,dr:RandProj,svm,0.7913,0.0
glove_sst2,classical NLP,classification,4000,300,2,219,109,select,select:vote,linear,0.7913,38.55
glove_sst2,classical NLP,classification,4000,300,2,219,109,select,select:vote,knn,0.7412,38.55
glove_sst2,classical NLP,classification,4000,300,2,219,109,select,select:vote,svm,0.7987,38.55
glove_sst2,classical NLP,classification,4000,300,2,219,109,select,select:rf,linear,0.8,38.55
glove_sst2,classical NLP,classification,4000,300,2,219,109,select,select:rf,knn,0.7412,38.55
glove_sst2,classical NLP,classification,4000,300,2,219,109,select,select:rf,svm,0.8037,38.55
glove_sst2,classical NLP,classification,4000,300,2,219,109,select,select:xg,linear,0.7937,38.55
glove_sst2,classical NLP,classification,4000,300,2,219,109,select,select:xg,knn,0.7275,38.55
glove_sst2,classical NLP,classification,4000,300,2,219,109,select,select:xg,svm,0.8063,38.55
glove_sst2,classical NLP,classification,4000,300,2,219,109,select,select:mi,linear,0.7825,38.55
glove_sst2,classical NLP,classification,4000,300,2,219,109,select,select:mi,knn,0.72,38.55
glove_sst2,classical NLP,classification,4000,300,2,219,109,select,select:mi,svm,0.805,38.55
glove_sst2,classical NLP,classification,4000,300,2,219,109,select,select:f_test,linear,0.785,38.55
glove_sst2,classical NLP,classification,4000,300,2,219,109,select,select:f_test,knn,0.7512,38.55
glove_sst2,classical NLP,classification,4000,300,2,219,109,select,select:f_test,svm,0.8,38.55
glove_sst2,classical NLP,classification,4000,300,2,219,109,select,select:l1,linear,0.7963,38.55
glove_sst2,classical NLP,classification,4000,300,2,219,109,select,select:l1,knn,0.7475,38.55
glove_sst2,classical NLP,classification,4000,300,2,219,109,select,select:l1,svm,0.805,38.55
glove_sst2,classical NLP,classification,4000,300,2,219,109,dr,dr:PCA,linear,0.7863,0.01
glove_sst2,classical NLP,classification,4000,300,2,219,109,dr,dr:PCA,knn,0.6687,0.01
glove_sst2,classical NLP,classification,4000,300,2,219,109,dr,dr:PCA,svm,0.8125,0.01
glove_sst2,classical NLP,classification,4000,300,2,219,109,dr,dr:RandProj,linear,0.7575,0.0
glove_sst2,classical NLP,classification,4000,300,2,219,109,dr,dr:RandProj,knn,0.6737,0.0
glove_sst2,classical NLP,classification,4000,300,2,219,109,dr,dr:RandProj,svm,0.775,0.0
glove_sst2,classical NLP,classification,4000,300,2,219,54,select,select:vote,linear,0.7762,38.55
glove_sst2,classical NLP,classification,4000,300,2,219,54,select,select:vote,knn,0.745,38.55
glove_sst2,classical NLP,classification,4000,300,2,219,54,select,select:vote,svm,0.7887,38.55
glove_sst2,classical NLP,classification,4000,300,2,219,54,select,select:rf,linear,0.7913,38.55
glove_sst2,classical NLP,classification,4000,300,2,219,54,select,select:rf,knn,0.74,38.55
glove_sst2,classical NLP,classification,4000,300,2,219,54,select,select:rf,svm,0.7875,38.55
glove_sst2,classical NLP,classification,4000,300,2,219,54,select,select:xg,linear,0.785,38.55
glove_sst2,classical NLP,classification,4000,300,2,219,54,select,select:xg,knn,0.75,38.55
glove_sst2,classical NLP,classification,4000,300,2,219,54,select,select:xg,svm,0.7863,38.55
glove_sst2,classical NLP,classification,4000,300,2,219,54,select,select:mi,linear,0.7837,38.55
glove_sst2,classical NLP,classification,4000,300,2,219,54,select,select:mi,knn,0.7225,38.55
glove_sst2,classical NLP,classification,4000,300,2,219,54,select,select:mi,svm,0.7887,38.55
glove_sst2,classical NLP,classification,4000,300,2,219,54,select,select:f_test,linear,0.7887,38.55
glove_sst2,classical NLP,classification,4000,300,2,219,54,select,select:f_test,knn,0.7375,38.55
glove_sst2,classical NLP,classification,4000,300,2,219,54,select,select:f_test,svm,0.7963,38.55
glove_sst2,classical NLP,classification,4000,300,2,219,54,select,select:l1,linear,0.7937,38.55
glove_sst2,classical NLP,classification,4000,300,2,219,54,select,select:l1,knn,0.7462,38.55
glove_sst2,classical NLP,classification,4000,300,2,219,54,select,select:l1,svm,0.7963,38.55
glove_sst2,classical NLP,classification,4000,300,2,219,54,dr,dr:PCA,linear,0.7937,0.01
glove_sst2,classical NLP,classification,4000,300,2,219,54,dr,dr:PCA,knn,0.6625,0.01
glove_sst2,classical NLP,classification,4000,300,2,219,54,dr,dr:PCA,svm,0.7963,0.01
glove_sst2,classical NLP,classification,4000,300,2,219,54,dr,dr:RandProj,linear,0.6875,0.0
glove_sst2,classical NLP,classification,4000,300,2,219,54,dr,dr:RandProj,knn,0.6763,0.0
glove_sst2,classical NLP,classification,4000,300,2,219,54,dr,dr:RandProj,svm,0.7388,0.0
glove_sst2,classical NLP,classification,4000,300,2,219,54,dr,dr:ICA,linear,0.7937,0.38
glove_sst2,classical NLP,classification,4000,300,2,219,54,dr,dr:ICA,knn,0.6625,0.38
glove_sst2,classical NLP,classification,4000,300,2,219,54,dr,dr:ICA,svm,0.7963,0.38
glove_sst2,classical NLP,classification,4000,300,2,219,54,dr,dr:KernelPCA,linear,0.795,0.72
glove_sst2,classical NLP,classification,4000,300,2,219,54,dr,dr:KernelPCA,knn,0.7288,0.72
glove_sst2,classical NLP,classification,4000,300,2,219,54,dr,dr:KernelPCA,svm,0.795,0.72
glove_sst2,classical NLP,classification,4000,300,2,219,54,dr,dr:Isomap,linear,0.6713,1.53
glove_sst2,classical NLP,classification,4000,300,2,219,54,dr,dr:Isomap,knn,0.6238,1.53
glove_sst2,classical NLP,classification,4000,300,2,219,54,dr,dr:Isomap,svm,0.68,1.53
glove_sst2,classical NLP,classification,4000,300,2,219,54,dr,dr:UMAP,linear,0.7013,14.47
glove_sst2,classical NLP,classification,4000,300,2,219,54,dr,dr:UMAP,knn,0.6637,14.47
glove_sst2,classical NLP,classification,4000,300,2,219,54,dr,dr:UMAP,svm,0.69,14.47
glove_sst2,classical NLP,classification,4000,300,2,219,10,select,select:vote,linear,0.7312,38.55
glove_sst2,classical NLP,classification,4000,300,2,219,10,select,select:vote,knn,0.7075,38.55
glove_sst2,classical NLP,classification,4000,300,2,219,10,select,select:vote,svm,0.7312,38.55
glove_sst2,classical NLP,classification,4000,300,2,219,10,select,select:rf,linear,0.73,38.55
glove_sst2,classical NLP,classification,4000,300,2,219,10,select,select:rf,knn,0.7175,38.55
glove_sst2,classical NLP,classification,4000,300,2,219,10,select,select:rf,svm,0.7425,38.55
glove_sst2,classical NLP,classification,4000,300,2,219,10,select,select:xg,linear,0.7225,38.55
glove_sst2,classical NLP,classification,4000,300,2,219,10,select,select:xg,knn,0.7013,38.55
glove_sst2,classical NLP,classification,4000,300,2,219,10,select,select:xg,svm,0.7412,38.55
glove_sst2,classical NLP,classification,4000,300,2,219,10,select,select:mi,linear,0.73,38.55
glove_sst2,classical NLP,classification,4000,300,2,219,10,select,select:mi,knn,0.7013,38.55
glove_sst2,classical NLP,classification,4000,300,2,219,10,select,select:mi,svm,0.735,38.55
glove_sst2,classical NLP,classification,4000,300,2,219,10,select,select:f_test,linear,0.7188,38.55
glove_sst2,classical NLP,classification,4000,300,2,219,10,select,select:f_test,knn,0.6975,38.55
glove_sst2,classical NLP,classification,4000,300,2,219,10,select,select:f_test,svm,0.7388,38.55
glove_sst2,classical NLP,classification,4000,300,2,219,10,select,select:l1,linear,0.7275,38.55
glove_sst2,classical NLP,classification,4000,300,2,219,10,select,select:l1,knn,0.7125,38.55
glove_sst2,classical NLP,classification,4000,300,2,219,10,select,select:l1,svm,0.7438,38.55
glove_sst2,classical NLP,classification,4000,300,2,219,10,dr,dr:PCA,linear,0.7475,0.01
glove_sst2,classical NLP,classification,4000,300,2,219,10,dr,dr:PCA,knn,0.705,0.01
glove_sst2,classical NLP,classification,4000,300,2,219,10,dr,dr:PCA,svm,0.7625,0.01
glove_sst2,classical NLP,classification,4000,300,2,219,10,dr,dr:RandProj,linear,0.59,0.0
glove_sst2,classical NLP,classification,4000,300,2,219,10,dr,dr:RandProj,knn,0.5537,0.0
glove_sst2,classical NLP,classification,4000,300,2,219,10,dr,dr:RandProj,svm,0.6262,0.0
glove_sst2,classical NLP,classification,4000,300,2,219,10,dr,dr:ICA,linear,0.7475,0.15
glove_sst2,classical NLP,classification,4000,300,2,219,10,dr,dr:ICA,knn,0.705,0.15
glove_sst2,classical NLP,classification,4000,300,2,219,10,dr,dr:ICA,svm,0.7625,0.15
glove_sst2,classical NLP,classification,4000,300,2,219,10,dr,dr:KernelPCA,linear,0.7037,0.8
glove_sst2,classical NLP,classification,4000,300,2,219,10,dr,dr:KernelPCA,knn,0.705,0.8
glove_sst2,classical NLP,classification,4000,300,2,219,10,dr,dr:KernelPCA,svm,0.73,0.8
glove_sst2,classical NLP,classification,4000,300,2,219,10,dr,dr:Isomap,linear,0.6438,1.5
glove_sst2,classical NLP,classification,4000,300,2,219,10,dr,dr:Isomap,knn,0.6162,1.5
glove_sst2,classical NLP,classification,4000,300,2,219,10,dr,dr:Isomap,svm,0.6575,1.5
glove_sst2,classical NLP,classification,4000,300,2,219,10,dr,dr:UMAP,linear,0.685,11.79
glove_sst2,classical NLP,classification,4000,300,2,219,10,dr,dr:UMAP,knn,0.6575,11.79
glove_sst2,classical NLP,classification,4000,300,2,219,10,dr,dr:UMAP,svm,0.69,11.79
glove_sst2,classical NLP,classification,4000,300,2,219,10,dr,dr:t-SNE,linear,0.6288,86.82
glove_sst2,classical NLP,classification,4000,300,2,219,10,dr,dr:t-SNE,knn,0.66,86.82
glove_sst2,classical NLP,classification,4000,300,2,219,10,dr,dr:t-SNE,svm,0.6713,86.82
glove_sst2,classical NLP,classification,4000,300,2,219,1,select,select:vote,linear,0.5938,38.55
glove_sst2,classical NLP,classification,4000,300,2,219,1,select,select:vote,knn,0.5613,38.55
glove_sst2,classical NLP,classification,4000,300,2,219,1,select,select:vote,svm,0.605,38.55
glove_sst2,classical NLP,classification,4000,300,2,219,1,select,select:rf,linear,0.5938,38.55
glove_sst2,classical NLP,classification,4000,300,2,219,1,select,select:rf,knn,0.5613,38.55
glove_sst2,classical NLP,classification,4000,300,2,219,1,select,select:rf,svm,0.605,38.55
glove_sst2,classical NLP,classification,4000,300,2,219,1,select,select:xg,linear,0.5938,38.55
glove_sst2,classical NLP,classification,4000,300,2,219,1,select,select:xg,knn,0.5613,38.55
glove_sst2,classical NLP,classification,4000,300,2,219,1,select,select:xg,svm,0.605,38.55
glove_sst2,classical NLP,classification,4000,300,2,219,1,select,select:mi,linear,0.6012,38.55
glove_sst2,classical NLP,classification,4000,300,2,219,1,select,select:mi,knn,0.575,38.55
glove_sst2,classical NLP,classification,4000,300,2,219,1,select,select:mi,svm,0.6112,38.55
glove_sst2,classical NLP,classification,4000,300,2,219,1,select,select:f_test,linear,0.62,38.55
glove_sst2,classical NLP,classification,4000,300,2,219,1,select,select:f_test,knn,0.6138,38.55
glove_sst2,classical NLP,classification,4000,300,2,219,1,select,select:f_test,svm,0.6362,38.55
glove_sst2,classical NLP,classification,4000,300,2,219,1,select,select:l1,linear,0.5938,38.55
glove_sst2,classical NLP,classification,4000,300,2,219,1,select,select:l1,knn,0.5613,38.55
glove_sst2,classical NLP,classification,4000,300,2,219,1,select,select:l1,svm,0.605,38.55
glove_sst2,classical NLP,classification,4000,300,2,219,1,dr,dr:PCA,linear,0.5487,0.01
glove_sst2,classical NLP,classification,4000,300,2,219,1,dr,dr:PCA,knn,0.53,0.01
glove_sst2,classical NLP,classification,4000,300,2,219,1,dr,dr:PCA,svm,0.5537,0.01
glove_sst2,classical NLP,classification,4000,300,2,219,1,dr,dr:RandProj,linear,0.5425,0.0
glove_sst2,classical NLP,classification,4000,300,2,219,1,dr,dr:RandProj,knn,0.5125,0.0
glove_sst2,classical NLP,classification,4000,300,2,219,1,dr,dr:RandProj,svm,0.5437,0.0
glove_sst2,classical NLP,classification,4000,300,2,219,1,dr,dr:ICA,linear,0.5487,0.17
glove_sst2,classical NLP,classification,4000,300,2,219,1,dr,dr:ICA,knn,0.53,0.17
glove_sst2,classical NLP,classification,4000,300,2,219,1,dr,dr:ICA,svm,0.5537,0.17
glove_sst2,classical NLP,classification,4000,300,2,219,1,dr,dr:KernelPCA,linear,0.5637,0.62
glove_sst2,classical NLP,classification,4000,300,2,219,1,dr,dr:KernelPCA,knn,0.495,0.62
glove_sst2,classical NLP,classification,4000,300,2,219,1,dr,dr:KernelPCA,svm,0.5763,0.62
glove_sst2,classical NLP,classification,4000,300,2,219,1,dr,dr:Isomap,linear,0.5875,1.77
glove_sst2,classical NLP,classification,4000,300,2,219,1,dr,dr:Isomap,knn,0.5312,1.77
glove_sst2,classical NLP,classification,4000,300,2,219,1,dr,dr:Isomap,svm,0.5725,1.77
glove_sst2,classical NLP,classification,4000,300,2,219,1,dr,dr:UMAP,linear,0.6238,11.01
glove_sst2,classical NLP,classification,4000,300,2,219,1,dr,dr:UMAP,knn,0.6012,11.01
glove_sst2,classical NLP,classification,4000,300,2,219,1,dr,dr:UMAP,svm,0.6162,11.01
glove_sst2,classical NLP,classification,4000,300,2,219,1,dr,dr:t-SNE,linear,0.6175,0.78
glove_sst2,classical NLP,classification,4000,300,2,219,1,dr,dr:t-SNE,knn,0.5725,0.78
glove_sst2,classical NLP,classification,4000,300,2,219,1,dr,dr:t-SNE,svm,0.6212,0.78
tfidf_sst2,classical NLP,classification,4000,1774,2,1541,1774,all,all features,linear,0.6663,0.0
tfidf_sst2,classical NLP,classification,4000,1774,2,1541,1774,all,all features,knn,0.5775,0.0
tfidf_sst2,classical NLP,classification,4000,1774,2,1541,1774,all,all features,svm,0.69,0.0
tfidf_sst2,classical NLP,classification,4000,1774,2,1541,1541,select,select:vote,linear,0.6775,17.58
tfidf_sst2,classical NLP,classification,4000,1774,2,1541,1541,select,select:vote,knn,0.565,17.58
tfidf_sst2,classical NLP,classification,4000,1774,2,1541,1541,select,select:vote,svm,0.6913,17.58
tfidf_sst2,classical NLP,classification,4000,1774,2,1541,1541,select,select:rf,linear,0.6663,17.58
tfidf_sst2,classical NLP,classification,4000,1774,2,1541,1541,select,select:rf,knn,0.5962,17.58
tfidf_sst2,classical NLP,classification,4000,1774,2,1541,1541,select,select:rf,svm,0.6825,17.58
tfidf_sst2,classical NLP,classification,4000,1774,2,1541,1541,select,select:xg,linear,0.6675,17.58
tfidf_sst2,classical NLP,classification,4000,1774,2,1541,1541,select,select:xg,knn,0.525,17.58
tfidf_sst2,classical NLP,classification,4000,1774,2,1541,1541,select,select:xg,svm,0.675,17.58
tfidf_sst2,classical NLP,classification,4000,1774,2,1541,1541,select,select:mi,linear,0.6675,17.58
tfidf_sst2,classical NLP,classification,4000,1774,2,1541,1541,select,select:mi,knn,0.5487,17.58
tfidf_sst2,classical NLP,classification,4000,1774,2,1541,1541,select,select:mi,svm,0.67,17.58
tfidf_sst2,classical NLP,classification,4000,1774,2,1541,1541,select,select:f_test,linear,0.6663,17.58
tfidf_sst2,classical NLP,classification,4000,1774,2,1541,1541,select,select:f_test,knn,0.6637,17.58
tfidf_sst2,classical NLP,classification,4000,1774,2,1541,1541,select,select:f_test,svm,0.695,17.58
tfidf_sst2,classical NLP,classification,4000,1774,2,1541,1541,select,select:l1,linear,0.67,17.58
tfidf_sst2,classical NLP,classification,4000,1774,2,1541,1541,select,select:l1,knn,0.645,17.58
tfidf_sst2,classical NLP,classification,4000,1774,2,1541,1541,select,select:l1,svm,0.6925,17.58
tfidf_sst2,classical NLP,classification,4000,1774,2,1541,1541,dr,dr:PCA,linear,0.6575,0.44
tfidf_sst2,classical NLP,classification,4000,1774,2,1541,1541,dr,dr:PCA,knn,0.6075,0.44
tfidf_sst2,classical NLP,classification,4000,1774,2,1541,1541,dr,dr:PCA,svm,0.67,0.44
tfidf_sst2,classical NLP,classification,4000,1774,2,1541,1541,dr,dr:RandProj,linear,0.6475,0.05
tfidf_sst2,classical NLP,classification,4000,1774,2,1541,1541,dr,dr:RandProj,knn,0.5725,0.05
tfidf_sst2,classical NLP,classification,4000,1774,2,1541,1541,dr,dr:RandProj,svm,0.7,0.05
tfidf_sst2,classical NLP,classification,4000,1774,2,1541,770,select,select:vote,linear,0.67,17.58
tfidf_sst2,classical NLP,classification,4000,1774,2,1541,770,select,select:vote,knn,0.615,17.58
tfidf_sst2,classical NLP,classification,4000,1774,2,1541,770,select,select:vote,svm,0.6613,17.58
tfidf_sst2,classical NLP,classification,4000,1774,2,1541,770,select,select:rf,linear,0.6863,17.58
tfidf_sst2,classical NLP,classification,4000,1774,2,1541,770,select,select:rf,knn,0.62,17.58
tfidf_sst2,classical NLP,classification,4000,1774,2,1541,770,select,select:rf,svm,0.6775,17.58
tfidf_sst2,classical NLP,classification,4000,1774,2,1541,770,select,select:xg,linear,0.6525,17.58
tfidf_sst2,classical NLP,classification,4000,1774,2,1541,770,select,select:xg,knn,0.6462,17.58
tfidf_sst2,classical NLP,classification,4000,1774,2,1541,770,select,select:xg,svm,0.6438,17.58
tfidf_sst2,classical NLP,classification,4000,1774,2,1541,770,select,select:mi,linear,0.6525,17.58
tfidf_sst2,classical NLP,classification,4000,1774,2,1541,770,select,select:mi,knn,0.5262,17.58
tfidf_sst2,classical NLP,classification,4000,1774,2,1541,770,select,select:mi,svm,0.6425,17.58
tfidf_sst2,classical NLP,classification,4000,1774,2,1541,770,select,select:f_test,linear,0.6963,17.58
tfidf_sst2,classical NLP,classification,4000,1774,2,1541,770,select,select:f_test,knn,0.6188,17.58
tfidf_sst2,classical NLP,classification,4000,1774,2,1541,770,select,select:f_test,svm,0.6987,17.58
tfidf_sst2,classical NLP,classification,4000,1774,2,1541,770,select,select:l1,linear,0.7087,17.58
tfidf_sst2,classical NLP,classification,4000,1774,2,1541,770,select,select:l1,knn,0.6388,17.58
tfidf_sst2,classical NLP,classification,4000,1774,2,1541,770,select,select:l1,svm,0.6963,17.58
tfidf_sst2,classical NLP,classification,4000,1774,2,1541,770,dr,dr:PCA,linear,0.6963,2.0
tfidf_sst2,classical NLP,classification,4000,1774,2,1541,770,dr,dr:PCA,knn,0.605,2.0
tfidf_sst2,classical NLP,classification,4000,1774,2,1541,770,dr,dr:PCA,svm,0.6913,2.0
tfidf_sst2,classical NLP,classification,4000,1774,2,1541,770,dr,dr:RandProj,linear,0.6637,0.02
tfidf_sst2,classical NLP,classification,4000,1774,2,1541,770,dr,dr:RandProj,knn,0.595,0.02
tfidf_sst2,classical NLP,classification,4000,1774,2,1541,770,dr,dr:RandProj,svm,0.6913,0.02
tfidf_sst2,classical NLP,classification,4000,1774,2,1541,385,select,select:vote,linear,0.6425,17.58
tfidf_sst2,classical NLP,classification,4000,1774,2,1541,385,select,select:vote,knn,0.5925,17.58
tfidf_sst2,classical NLP,classification,4000,1774,2,1541,385,select,select:vote,svm,0.6475,17.58
tfidf_sst2,classical NLP,classification,4000,1774,2,1541,385,select,select:rf,linear,0.6587,17.58
tfidf_sst2,classical NLP,classification,4000,1774,2,1541,385,select,select:rf,knn,0.6112,17.58
tfidf_sst2,classical NLP,classification,4000,1774,2,1541,385,select,select:rf,svm,0.6562,17.58
tfidf_sst2,classical NLP,classification,4000,1774,2,1541,385,select,select:xg,linear,0.6488,17.58
tfidf_sst2,classical NLP,classification,4000,1774,2,1541,385,select,select:xg,knn,0.6162,17.58
tfidf_sst2,classical NLP,classification,4000,1774,2,1541,385,select,select:xg,svm,0.6613,17.58
tfidf_sst2,classical NLP,classification,4000,1774,2,1541,385,select,select:mi,linear,0.6012,17.58
tfidf_sst2,classical NLP,classification,4000,1774,2,1541,385,select,select:mi,knn,0.5262,17.58
tfidf_sst2,classical NLP,classification,4000,1774,2,1541,385,select,select:mi,svm,0.5925,17.58
tfidf_sst2,classical NLP,classification,4000,1774,2,1541,385,select,select:f_test,linear,0.6713,17.58
tfidf_sst2,classical NLP,classification,4000,1774,2,1541,385,select,select:f_test,knn,0.665,17.58
tfidf_sst2,classical NLP,classification,4000,1774,2,1541,385,select,select:f_test,svm,0.67,17.58
tfidf_sst2,classical NLP,classification,4000,1774,2,1541,385,select,select:l1,linear,0.68,17.58
tfidf_sst2,classical NLP,classification,4000,1774,2,1541,385,select,select:l1,knn,0.6663,17.58
tfidf_sst2,classical NLP,classification,4000,1774,2,1541,385,select,select:l1,svm,0.6625,17.58
tfidf_sst2,classical NLP,classification,4000,1774,2,1541,385,dr,dr:PCA,linear,0.6475,1.21
tfidf_sst2,classical NLP,classification,4000,1774,2,1541,385,dr,dr:PCA,knn,0.63,1.21
tfidf_sst2,classical NLP,classification,4000,1774,2,1541,385,dr,dr:PCA,svm,0.6813,1.21
tfidf_sst2,classical NLP,classification,4000,1774,2,1541,385,dr,dr:RandProj,linear,0.6188,0.03
tfidf_sst2,classical NLP,classification,4000,1774,2,1541,385,dr,dr:RandProj,knn,0.59,0.03
tfidf_sst2,classical NLP,classification,4000,1774,2,1541,385,dr,dr:RandProj,svm,0.6913,0.03
tfidf_sst2,classical NLP,classification,4000,1774,2,1541,10,select,select:vote,linear,0.5625,17.58
tfidf_sst2,classical NLP,classification,4000,1774,2,1541,10,select,select:vote,knn,0.4637,17.58
tfidf_sst2,classical NLP,classification,4000,1774,2,1541,10,select,select:vote,svm,0.5613,17.58
tfidf_sst2,classical NLP,classification,4000,1774,2,1541,10,select,select:rf,linear,0.5637,17.58
tfidf_sst2,classical NLP,classification,4000,1774,2,1541,10,select,select:rf,knn,0.47,17.58
tfidf_sst2,classical NLP,classification,4000,1774,2,1541,10,select,select:rf,svm,0.56,17.58
tfidf_sst2,classical NLP,classification,4000,1774,2,1541,10,select,select:xg,linear,0.565,17.58
tfidf_sst2,classical NLP,classification,4000,1774,2,1541,10,select,select:xg,knn,0.4738,17.58
tfidf_sst2,classical NLP,classification,4000,1774,2,1541,10,select,select:xg,svm,0.5663,17.58
tfidf_sst2,classical NLP,classification,4000,1774,2,1541,10,select,select:mi,linear,0.5475,17.58
tfidf_sst2,classical NLP,classification,4000,1774,2,1541,10,select,select:mi,knn,0.4562,17.58
tfidf_sst2,classical NLP,classification,4000,1774,2,1541,10,select,select:mi,svm,0.5487,17.58
tfidf_sst2,classical NLP,classification,4000,1774,2,1541,10,select,select:f_test,linear,0.565,17.58
tfidf_sst2,classical NLP,classification,4000,1774,2,1541,10,select,select:f_test,knn,0.4625,17.58
tfidf_sst2,classical NLP,classification,4000,1774,2,1541,10,select,select:f_test,svm,0.5637,17.58
tfidf_sst2,classical NLP,classification,4000,1774,2,1541,10,select,select:l1,linear,0.5637,17.58
tfidf_sst2,classical NLP,classification,4000,1774,2,1541,10,select,select:l1,knn,0.4675,17.58
tfidf_sst2,classical NLP,classification,4000,1774,2,1541,10,select,select:l1,svm,0.5625,17.58
tfidf_sst2,classical NLP,classification,4000,1774,2,1541,10,dr,dr:PCA,linear,0.56,0.03
tfidf_sst2,classical NLP,classification,4000,1774,2,1541,10,dr,dr:PCA,knn,0.5962,0.03
tfidf_sst2,classical NLP,classification,4000,1774,2,1541,10,dr,dr:PCA,svm,0.5575,0.03
tfidf_sst2,classical NLP,classification,4000,1774,2,1541,10,dr,dr:RandProj,linear,0.5387,0.0
tfidf_sst2,classical NLP,classification,4000,1774,2,1541,10,dr,dr:RandProj,knn,0.5787,0.0
tfidf_sst2,classical NLP,classification,4000,1774,2,1541,10,dr,dr:RandProj,svm,0.5825,0.0
tfidf_sst2,classical NLP,classification,4000,1774,2,1541,10,dr,dr:ICA,linear,0.56,0.55
tfidf_sst2,classical NLP,classification,4000,1774,2,1541,10,dr,dr:ICA,knn,0.5663,0.55
tfidf_sst2,classical NLP,classification,4000,1774,2,1541,10,dr,dr:ICA,svm,0.565,0.55
tfidf_sst2,classical NLP,classification,4000,1774,2,1541,10,dr,dr:KernelPCA,linear,0.5537,1.05
tfidf_sst2,classical NLP,classification,4000,1774,2,1541,10,dr,dr:KernelPCA,knn,0.545,1.05
tfidf_sst2,classical NLP,classification,4000,1774,2,1541,10,dr,dr:KernelPCA,svm,0.56,1.05
tfidf_sst2,classical NLP,classification,4000,1774,2,1541,10,dr,dr:Isomap,linear,0.5613,1.58
tfidf_sst2,classical NLP,classification,4000,1774,2,1541,10,dr,dr:Isomap,knn,0.5525,1.58
tfidf_sst2,classical NLP,classification,4000,1774,2,1541,10,dr,dr:Isomap,svm,0.5587,1.58
tfidf_sst2,classical NLP,classification,4000,1774,2,1541,10,dr,dr:UMAP,linear,0.5,17.19
tfidf_sst2,classical NLP,classification,4000,1774,2,1541,10,dr,dr:UMAP,knn,0.5475,17.19
tfidf_sst2,classical NLP,classification,4000,1774,2,1541,10,dr,dr:UMAP,svm,0.5375,17.19
tfidf_sst2,classical NLP,classification,4000,1774,2,1541,10,dr,dr:t-SNE,linear,0.55,89.22
tfidf_sst2,classical NLP,classification,4000,1774,2,1541,10,dr,dr:t-SNE,knn,0.6,89.22
tfidf_sst2,classical NLP,classification,4000,1774,2,1541,10,dr,dr:t-SNE,svm,0.5675,89.22
tfidf_sst2,classical NLP,classification,4000,1774,2,1541,1,select,select:vote,linear,0.5575,17.58
tfidf_sst2,classical NLP,classification,4000,1774,2,1541,1,select,select:vote,knn,0.4512,17.58
tfidf_sst2,classical NLP,classification,4000,1774,2,1541,1,select,select:vote,svm,0.5575,17.58
tfidf_sst2,classical NLP,classification,4000,1774,2,1541,1,select,select:rf,linear,0.5575,17.58
tfidf_sst2,classical NLP,classification,4000,1774,2,1541,1,select,select:rf,knn,0.4512,17.58
tfidf_sst2,classical NLP,classification,4000,1774,2,1541,1,select,select:rf,svm,0.5575,17.58
tfidf_sst2,classical NLP,classification,4000,1774,2,1541,1,select,select:xg,linear,0.5575,17.58
tfidf_sst2,classical NLP,classification,4000,1774,2,1541,1,select,select:xg,knn,0.4512,17.58
tfidf_sst2,classical NLP,classification,4000,1774,2,1541,1,select,select:xg,svm,0.5575,17.58
tfidf_sst2,classical NLP,classification,4000,1774,2,1541,1,select,select:mi,linear,0.5475,17.58
tfidf_sst2,classical NLP,classification,4000,1774,2,1541,1,select,select:mi,knn,0.4525,17.58
tfidf_sst2,classical NLP,classification,4000,1774,2,1541,1,select,select:mi,svm,0.5475,17.58
tfidf_sst2,classical NLP,classification,4000,1774,2,1541,1,select,select:f_test,linear,0.5575,17.58
tfidf_sst2,classical NLP,classification,4000,1774,2,1541,1,select,select:f_test,knn,0.4512,17.58
tfidf_sst2,classical NLP,classification,4000,1774,2,1541,1,select,select:f_test,svm,0.5575,17.58
tfidf_sst2,classical NLP,classification,4000,1774,2,1541,1,select,select:l1,linear,0.5575,17.58
tfidf_sst2,classical NLP,classification,4000,1774,2,1541,1,select,select:l1,knn,0.4512,17.58
tfidf_sst2,classical NLP,classification,4000,1774,2,1541,1,select,select:l1,svm,0.5575,17.58
tfidf_sst2,classical NLP,classification,4000,1774,2,1541,1,dr,dr:PCA,linear,0.5487,0.02
tfidf_sst2,classical NLP,classification,4000,1774,2,1541,1,dr,dr:PCA,knn,0.5212,0.02
tfidf_sst2,classical NLP,classification,4000,1774,2,1541,1,dr,dr:PCA,svm,0.5475,0.02
tfidf_sst2,classical NLP,classification,4000,1774,2,1541,1,dr,dr:RandProj,linear,0.5475,0.01
tfidf_sst2,classical NLP,classification,4000,1774,2,1541,1,dr,dr:RandProj,knn,0.5162,0.01
tfidf_sst2,classical NLP,classification,4000,1774,2,1541,1,dr,dr:RandProj,svm,0.5375,0.01
tfidf_sst2,classical NLP,classification,4000,1774,2,1541,1,dr,dr:ICA,linear,0.5487,0.54
tfidf_sst2,classical NLP,classification,4000,1774,2,1541,1,dr,dr:ICA,knn,0.5225,0.54
tfidf_sst2,classical NLP,classification,4000,1774,2,1541,1,dr,dr:ICA,svm,0.5475,0.54
tfidf_sst2,classical NLP,classification,4000,1774,2,1541,1,dr,dr:KernelPCA,linear,0.5487,0.74
tfidf_sst2,classical NLP,classification,4000,1774,2,1541,1,dr,dr:KernelPCA,knn,0.5375,0.74
tfidf_sst2,classical NLP,classification,4000,1774,2,1541,1,dr,dr:KernelPCA,svm,0.5487,0.74
tfidf_sst2,classical NLP,classification,4000,1774,2,1541,1,dr,dr:Isomap,linear,0.5475,1.66
tfidf_sst2,classical NLP,classification,4000,1774,2,1541,1,dr,dr:Isomap,knn,0.5138,1.66
tfidf_sst2,classical NLP,classification,4000,1774,2,1541,1,dr,dr:Isomap,svm,0.5487,1.66
tfidf_sst2,classical NLP,classification,4000,1774,2,1541,1,dr,dr:UMAP,linear,0.5487,15.93
tfidf_sst2,classical NLP,classification,4000,1774,2,1541,1,dr,dr:UMAP,knn,0.4788,15.93
tfidf_sst2,classical NLP,classification,4000,1774,2,1541,1,dr,dr:UMAP,svm,0.5487,15.93
tfidf_sst2,classical NLP,classification,4000,1774,2,1541,1,dr,dr:t-SNE,linear,0.5487,0.91
tfidf_sst2,classical NLP,classification,4000,1774,2,1541,1,dr,dr:t-SNE,knn,0.5288,0.91
tfidf_sst2,classical NLP,classification,4000,1774,2,1541,1,dr,dr:t-SNE,svm,0.5487,0.91
tfidf_newsgroups,classical NLP,classification,2257,2000,4,1392,2000,all,all features,linear,0.8341,0.0
tfidf_newsgroups,classical NLP,classification,2257,2000,4,1392,2000,all,all features,knn,0.2412,0.0
tfidf_newsgroups,classical NLP,classification,2257,2000,4,1392,2000,all,all features,svm,0.7721,0.0
tfidf_newsgroups,classical NLP,classification,2257,2000,4,1392,1392,select,select:vote,linear,0.8473,1257.94
tfidf_newsgroups,classical NLP,classification,2257,2000,4,1392,1392,select,select:vote,knn,0.2588,1257.94
tfidf_newsgroups,classical NLP,classification,2257,2000,4,1392,1392,select,select:vote,svm,0.8451,1257.94
tfidf_newsgroups,classical NLP,classification,2257,2000,4,1392,1392,select,select:rf,linear,0.8296,1257.94
tfidf_newsgroups,classical NLP,classification,2257,2000,4,1392,1392,select,select:rf,knn,0.2522,1257.94
tfidf_newsgroups,classical NLP,classification,2257,2000,4,1392,1392,select,select:rf,svm,0.7987,1257.94
tfidf_newsgroups,classical NLP,classification,2257,2000,4,1392,1392,select,select:xg,linear,0.8164,1257.94
tfidf_newsgroups,classical NLP,classification,2257,2000,4,1392,1392,select,select:xg,knn,0.2788,1257.94
tfidf_newsgroups,classical NLP,classification,2257,2000,4,1392,1392,select,select:xg,svm,0.781,1257.94
tfidf_newsgroups,classical NLP,classification,2257,2000,4,1392,1392,select,select:mi,linear,0.8053,1257.94
tfidf_newsgroups,classical NLP,classification,2257,2000,4,1392,1392,select,select:mi,knn,0.3296,1257.94
tfidf_newsgroups,classical NLP,classification,2257,2000,4,1392,1392,select,select:mi,svm,0.8009,1257.94
tfidf_newsgroups,classical NLP,classification,2257,2000,4,1392,1392,select,select:f_test,linear,0.8451,1257.94
tfidf_newsgroups,classical NLP,classification,2257,2000,4,1392,1392,select,select:f_test,knn,0.2987,1257.94
tfidf_newsgroups,classical NLP,classification,2257,2000,4,1392,1392,select,select:f_test,svm,0.8208,1257.94
tfidf_newsgroups,classical NLP,classification,2257,2000,4,1392,1392,select,select:l1,linear,0.8341,1257.94
tfidf_newsgroups,classical NLP,classification,2257,2000,4,1392,1392,select,select:l1,knn,0.2699,1257.94
tfidf_newsgroups,classical NLP,classification,2257,2000,4,1392,1392,select,select:l1,svm,0.8208,1257.94
tfidf_newsgroups,classical NLP,classification,2257,2000,4,1392,1392,dr,dr:PCA,linear,0.6991,2.91
tfidf_newsgroups,classical NLP,classification,2257,2000,4,1392,1392,dr,dr:PCA,knn,0.2301,2.91
tfidf_newsgroups,classical NLP,classification,2257,2000,4,1392,1392,dr,dr:PCA,svm,0.4425,2.91
tfidf_newsgroups,classical NLP,classification,2257,2000,4,1392,1392,dr,dr:RandProj,linear,0.7434,0.04
tfidf_newsgroups,classical NLP,classification,2257,2000,4,1392,1392,dr,dr:RandProj,knn,0.2434,0.04
tfidf_newsgroups,classical NLP,classification,2257,2000,4,1392,1392,dr,dr:RandProj,svm,0.7235,0.04
tfidf_newsgroups,classical NLP,classification,2257,2000,4,1392,696,select,select:vote,linear,0.8296,1257.94
tfidf_newsgroups,classical NLP,classification,2257,2000,4,1392,696,select,select:vote,knn,0.4204,1257.94
tfidf_newsgroups,classical NLP,classification,2257,2000,4,1392,696,select,select:vote,svm,0.8341,1257.94
tfidf_newsgroups,classical NLP,classification,2257,2000,4,1392,696,select,select:rf,linear,0.8186,1257.94
tfidf_newsgroups,classical NLP,classification,2257,2000,4,1392,696,select,select:rf,knn,0.3518,1257.94
tfidf_newsgroups,classical NLP,classification,2257,2000,4,1392,696,select,select:rf,svm,0.8363,1257.94
tfidf_newsgroups,classical NLP,classification,2257,2000,4,1392,696,select,select:xg,linear,0.8252,1257.94
tfidf_newsgroups,classical NLP,classification,2257,2000,4,1392,696,select,select:xg,knn,0.4292,1257.94
tfidf_newsgroups,classical NLP,classification,2257,2000,4,1392,696,select,select:xg,svm,0.8142,1257.94
tfidf_newsgroups,classical NLP,classification,2257,2000,4,1392,696,select,select:mi,linear,0.7854,1257.94
tfidf_newsgroups,classical NLP,classification,2257,2000,4,1392,696,select,select:mi,knn,0.531,1257.94
tfidf_newsgroups,classical NLP,classification,2257,2000,4,1392,696,select,select:mi,svm,0.8009,1257.94
tfidf_newsgroups,classical NLP,classification,2257,2000,4,1392,696,select,select:f_test,linear,0.823,1257.94
tfidf_newsgroups,classical NLP,classification,2257,2000,4,1392,696,select,select:f_test,knn,0.6261,1257.94
tfidf_newsgroups,classical NLP,classification,2257,2000,4,1392,696,select,select:f_test,svm,0.8496,1257.94
tfidf_newsgroups,classical NLP,classification,2257,2000,4,1392,696,select,select:l1,linear,0.8363,1257.94
tfidf_newsgroups,classical NLP,classification,2257,2000,4,1392,696,select,select:l1,knn,0.4403,1257.94
tfidf_newsgroups,classical NLP,classification,2257,2000,4,1392,696,select,select:l1,svm,0.8363,1257.94
tfidf_newsgroups,classical NLP,classification,2257,2000,4,1392,696,dr,dr:PCA,linear,0.792,1.4
tfidf_newsgroups,classical NLP,classification,2257,2000,4,1392,696,dr,dr:PCA,knn,0.2389,1.4
tfidf_newsgroups,classical NLP,classification,2257,2000,4,1392,696,dr,dr:PCA,svm,0.7942,1.4
tfidf_newsgroups,classical NLP,classification,2257,2000,4,1392,696,dr,dr:RandProj,linear,0.7035,0.03
tfidf_newsgroups,classical NLP,classification,2257,2000,4,1392,696,dr,dr:RandProj,knn,0.2522,0.03
tfidf_newsgroups,classical NLP,classification,2257,2000,4,1392,696,dr,dr:RandProj,svm,0.7168,0.03
tfidf_newsgroups,classical NLP,classification,2257,2000,4,1392,348,select,select:vote,linear,0.8208,1257.94
tfidf_newsgroups,classical NLP,classification,2257,2000,4,1392,348,select,select:vote,knn,0.6925,1257.94
tfidf_newsgroups,classical NLP,classification,2257,2000,4,1392,348,select,select:vote,svm,0.8451,1257.94
tfidf_newsgroups,classical NLP,classification,2257,2000,4,1392,348,select,select:rf,linear,0.8075,1257.94
tfidf_newsgroups,classical NLP,classification,2257,2000,4,1392,348,select,select:rf,knn,0.6704,1257.94
tfidf_newsgroups,classical NLP,classification,2257,2000,4,1392,348,select,select:rf,svm,0.8473,1257.94
tfidf_newsgroups,classical NLP,classification,2257,2000,4,1392,348,select,select:xg,linear,0.8186,1257.94
tfidf_newsgroups,classical NLP,classification,2257,2000,4,1392,348,select,select:xg,knn,0.6881,1257.94
tfidf_newsgroups,classical NLP,classification,2257,2000,4,1392,348,select,select:xg,svm,0.8451,1257.94
tfidf_newsgroups,classical NLP,classification,2257,2000,4,1392,348,select,select:mi,linear,0.7389,1257.94
tfidf_newsgroups,classical NLP,classification,2257,2000,4,1392,348,select,select:mi,knn,0.6438,1257.94
tfidf_newsgroups,classical NLP,classification,2257,2000,4,1392,348,select,select:mi,svm,0.7478,1257.94
tfidf_newsgroups,classical NLP,classification,2257,2000,4,1392,348,select,select:f_test,linear,0.8363,1257.94
tfidf_newsgroups,classical NLP,classification,2257,2000,4,1392,348,select,select:f_test,knn,0.646,1257.94
tfidf_newsgroups,classical NLP,classification,2257,2000,4,1392,348,select,select:f_test,svm,0.8186,1257.94
tfidf_newsgroups,classical NLP,classification,2257,2000,4,1392,348,select,select:l1,linear,0.8429,1257.94
tfidf_newsgroups,classical NLP,classification,2257,2000,4,1392,348,select,select:l1,knn,0.7058,1257.94
tfidf_newsgroups,classical NLP,classification,2257,2000,4,1392,348,select,select:l1,svm,0.8628,1257.94
tfidf_newsgroups,classical NLP,classification,2257,2000,4,1392,348,dr,dr:PCA,linear,0.8208,0.87
tfidf_newsgroups,classical NLP,classification,2257,2000,4,1392,348,dr,dr:PCA,knn,0.2876,0.87
tfidf_newsgroups,classical NLP,classification,2257,2000,4,1392,348,dr,dr:PCA,svm,0.8429,0.87
tfidf_newsgroups,classical NLP,classification,2257,2000,4,1392,348,dr,dr:RandProj,linear,0.5951,0.01
tfidf_newsgroups,classical NLP,classification,2257,2000,4,1392,348,dr,dr:RandProj,knn,0.2611,0.01
tfidf_newsgroups,classical NLP,classification,2257,2000,4,1392,348,dr,dr:RandProj,svm,0.6792,0.01
tfidf_newsgroups,classical NLP,classification,2257,2000,4,1392,10,select,select:vote,linear,0.573,1257.94
tfidf_newsgroups,classical NLP,classification,2257,2000,4,1392,10,select,select:vote,knn,0.5465,1257.94
tfidf_newsgroups,classical NLP,classification,2257,2000,4,1392,10,select,select:vote,svm,0.5774,1257.94
tfidf_newsgroups,classical NLP,classification,2257,2000,4,1392,10,select,select:rf,linear,0.5708,1257.94
tfidf_newsgroups,classical NLP,classification,2257,2000,4,1392,10,select,select:rf,knn,0.5354,1257.94
tfidf_newsgroups,classical NLP,classification,2257,2000,4,1392,10,select,select:rf,svm,0.573,1257.94
tfidf_newsgroups,classical NLP,classification,2257,2000,4,1392,10,select,select:xg,linear,0.5708,1257.94
tfidf_newsgroups,classical NLP,classification,2257,2000,4,1392,10,select,select:xg,knn,0.5288,1257.94
tfidf_newsgroups,classical NLP,classification,2257,2000,4,1392,10,select,select:xg,svm,0.5686,1257.94
tfidf_newsgroups,classical NLP,classification,2257,2000,4,1392,10,select,select:mi,linear,0.5642,1257.94
tfidf_newsgroups,classical NLP,classification,2257,2000,4,1392,10,select,select:mi,knn,0.5354,1257.94
tfidf_newsgroups,classical NLP,classification,2257,2000,4,1392,10,select,select:mi,svm,0.5664,1257.94
tfidf_newsgroups,classical NLP,classification,2257,2000,4,1392,10,select,select:f_test,linear,0.5619,1257.94
tfidf_newsgroups,classical NLP,classification,2257,2000,4,1392,10,select,select:f_test,knn,0.5376,1257.94
tfidf_newsgroups,classical NLP,classification,2257,2000,4,1392,10,select,select:f_test,svm,0.5686,1257.94
tfidf_newsgroups,classical NLP,classification,2257,2000,4,1392,10,select,select:l1,linear,0.5774,1257.94
tfidf_newsgroups,classical NLP,classification,2257,2000,4,1392,10,select,select:l1,knn,0.5796,1257.94
tfidf_newsgroups,classical NLP,classification,2257,2000,4,1392,10,select,select:l1,svm,0.5752,1257.94
tfidf_newsgroups,classical NLP,classification,2257,2000,4,1392,10,dr,dr:PCA,linear,0.8562,0.02
tfidf_newsgroups,classical NLP,classification,2257,2000,4,1392,10,dr,dr:PCA,knn,0.8274,0.02
tfidf_newsgroups,classical NLP,classification,2257,2000,4,1392,10,dr,dr:PCA,svm,0.8496,0.02
tfidf_newsgroups,classical NLP,classification,2257,2000,4,1392,10,dr,dr:RandProj,linear,0.365,0.0
tfidf_newsgroups,classical NLP,classification,2257,2000,4,1392,10,dr,dr:RandProj,knn,0.3429,0.0
tfidf_newsgroups,classical NLP,classification,2257,2000,4,1392,10,dr,dr:RandProj,svm,0.3628,0.0
tfidf_newsgroups,classical NLP,classification,2257,2000,4,1392,10,dr,dr:ICA,linear,0.8628,0.51
tfidf_newsgroups,classical NLP,classification,2257,2000,4,1392,10,dr,dr:ICA,knn,0.8496,0.51
tfidf_newsgroups,classical NLP,classification,2257,2000,4,1392,10,dr,dr:ICA,svm,0.8429,0.51
tfidf_newsgroups,classical NLP,classification,2257,2000,4,1392,10,dr,dr:KernelPCA,linear,0.8341,0.68
tfidf_newsgroups,classical NLP,classification,2257,2000,4,1392,10,dr,dr:KernelPCA,knn,0.8031,0.68
tfidf_newsgroups,classical NLP,classification,2257,2000,4,1392,10,dr,dr:KernelPCA,svm,0.8186,0.68
tfidf_newsgroups,classical NLP,classification,2257,2000,4,1392,10,dr,dr:Isomap,linear,0.3584,0.63
tfidf_newsgroups,classical NLP,classification,2257,2000,4,1392,10,dr,dr:Isomap,knn,0.3341,0.63
tfidf_newsgroups,classical NLP,classification,2257,2000,4,1392,10,dr,dr:Isomap,svm,0.3429,0.63
tfidf_newsgroups,classical NLP,classification,2257,2000,4,1392,10,dr,dr:UMAP,linear,0.2699,11.69
tfidf_newsgroups,classical NLP,classification,2257,2000,4,1392,10,dr,dr:UMAP,knn,0.219,11.69
tfidf_newsgroups,classical NLP,classification,2257,2000,4,1392,10,dr,dr:UMAP,svm,0.2765,11.69
tfidf_newsgroups,classical NLP,classification,2257,2000,4,1392,10,dr,dr:t-SNE,linear,0.354,30.66
tfidf_newsgroups,classical NLP,classification,2257,2000,4,1392,10,dr,dr:t-SNE,knn,0.354,30.66
tfidf_newsgroups,classical NLP,classification,2257,2000,4,1392,10,dr,dr:t-SNE,svm,0.4004,30.66
tfidf_newsgroups,classical NLP,classification,2257,2000,4,1392,1,select,select:vote,linear,0.3606,1257.94
tfidf_newsgroups,classical NLP,classification,2257,2000,4,1392,1,select,select:vote,knn,0.2633,1257.94
tfidf_newsgroups,classical NLP,classification,2257,2000,4,1392,1,select,select:vote,svm,0.3606,1257.94
tfidf_newsgroups,classical NLP,classification,2257,2000,4,1392,1,select,select:rf,linear,0.3606,1257.94
tfidf_newsgroups,classical NLP,classification,2257,2000,4,1392,1,select,select:rf,knn,0.2633,1257.94
tfidf_newsgroups,classical NLP,classification,2257,2000,4,1392,1,select,select:rf,svm,0.3606,1257.94
tfidf_newsgroups,classical NLP,classification,2257,2000,4,1392,1,select,select:xg,linear,0.3341,1257.94
tfidf_newsgroups,classical NLP,classification,2257,2000,4,1392,1,select,select:xg,knn,0.3274,1257.94
tfidf_newsgroups,classical NLP,classification,2257,2000,4,1392,1,select,select:xg,svm,0.3296,1257.94
tfidf_newsgroups,classical NLP,classification,2257,2000,4,1392,1,select,select:mi,linear,0.3606,1257.94
tfidf_newsgroups,classical NLP,classification,2257,2000,4,1392,1,select,select:mi,knn,0.2633,1257.94
tfidf_newsgroups,classical NLP,classification,2257,2000,4,1392,1,select,select:mi,svm,0.3606,1257.94
tfidf_newsgroups,classical NLP,classification,2257,2000,4,1392,1,select,select:f_test,linear,0.3606,1257.94
tfidf_newsgroups,classical NLP,classification,2257,2000,4,1392,1,select,select:f_test,knn,0.2633,1257.94
tfidf_newsgroups,classical NLP,classification,2257,2000,4,1392,1,select,select:f_test,svm,0.3606,1257.94
tfidf_newsgroups,classical NLP,classification,2257,2000,4,1392,1,select,select:l1,linear,0.3606,1257.94
tfidf_newsgroups,classical NLP,classification,2257,2000,4,1392,1,select,select:l1,knn,0.2633,1257.94
tfidf_newsgroups,classical NLP,classification,2257,2000,4,1392,1,select,select:l1,svm,0.3606,1257.94
tfidf_newsgroups,classical NLP,classification,2257,2000,4,1392,1,dr,dr:PCA,linear,0.4115,0.02
tfidf_newsgroups,classical NLP,classification,2257,2000,4,1392,1,dr,dr:PCA,knn,0.4115,0.02
tfidf_newsgroups,classical NLP,classification,2257,2000,4,1392,1,dr,dr:PCA,svm,0.4624,0.02
tfidf_newsgroups,classical NLP,classification,2257,2000,4,1392,1,dr,dr:RandProj,linear,0.2721,0.01
tfidf_newsgroups,classical NLP,classification,2257,2000,4,1392,1,dr,dr:RandProj,knn,0.2478,0.01
tfidf_newsgroups,classical NLP,classification,2257,2000,4,1392,1,dr,dr:RandProj,svm,0.3164,0.01
tfidf_newsgroups,classical NLP,classification,2257,2000,4,1392,1,dr,dr:ICA,linear,0.4115,0.38
tfidf_newsgroups,classical NLP,classification,2257,2000,4,1392,1,dr,dr:ICA,knn,0.4159,0.38
tfidf_newsgroups,classical NLP,classification,2257,2000,4,1392,1,dr,dr:ICA,svm,0.4624,0.38
tfidf_newsgroups,classical NLP,classification,2257,2000,4,1392,1,dr,dr:KernelPCA,linear,0.323,0.59
tfidf_newsgroups,classical NLP,classification,2257,2000,4,1392,1,dr,dr:KernelPCA,knn,0.2743,0.59
tfidf_newsgroups,classical NLP,classification,2257,2000,4,1392,1,dr,dr:KernelPCA,svm,0.3208,0.59
tfidf_newsgroups,classical NLP,classification,2257,2000,4,1392,1,dr,dr:Isomap,linear,0.3097,0.69
tfidf_newsgroups,classical NLP,classification,2257,2000,4,1392,1,dr,dr:Isomap,knn,0.2854,0.69
tfidf_newsgroups,classical NLP,classification,2257,2000,4,1392,1,dr,dr:Isomap,svm,0.3208,0.69
tfidf_newsgroups,classical NLP,classification,2257,2000,4,1392,1,dr,dr:UMAP,linear,0.2655,10.0
tfidf_newsgroups,classical NLP,classification,2257,2000,4,1392,1,dr,dr:UMAP,knn,0.2677,10.0
tfidf_newsgroups,classical NLP,classification,2257,2000,4,1392,1,dr,dr:UMAP,svm,0.2478,10.0
tfidf_newsgroups,classical NLP,classification,2257,2000,4,1392,1,dr,dr:t-SNE,linear,0.2898,0.64
tfidf_newsgroups,classical NLP,classification,2257,2000,4,1392,1,dr,dr:t-SNE,knn,0.3385,0.64
tfidf_newsgroups,classical NLP,classification,2257,2000,4,1392,1,dr,dr:t-SNE,svm,0.3009,0.64
spambase_engineered,classical NLP,classification,4601,57,2,54,57,all,all features,linear,0.9294,0.0
spambase_engineered,classical NLP,classification,4601,57,2,54,57,all,all features,knn,0.9034,0.0
spambase_engineered,classical NLP,classification,4601,57,2,54,57,all,all features,svm,0.9273,0.0
spambase_engineered,classical NLP,classification,4601,57,2,54,54,select,select:vote,linear,0.9273,16.74
spambase_engineered,classical NLP,classification,4601,57,2,54,54,select,select:vote,knn,0.9034,16.74
spambase_engineered,classical NLP,classification,4601,57,2,54,54,select,select:vote,svm,0.924,16.74
spambase_engineered,classical NLP,classification,4601,57,2,54,54,select,select:rf,linear,0.9273,16.74
spambase_engineered,classical NLP,classification,4601,57,2,54,54,select,select:rf,knn,0.9034,16.74
spambase_engineered,classical NLP,classification,4601,57,2,54,54,select,select:rf,svm,0.924,16.74
spambase_engineered,classical NLP,classification,4601,57,2,54,54,select,select:xg,linear,0.9294,16.74
spambase_engineered,classical NLP,classification,4601,57,2,54,54,select,select:xg,knn,0.9001,16.74
spambase_engineered,classical NLP,classification,4601,57,2,54,54,select,select:xg,svm,0.9251,16.74
spambase_engineered,classical NLP,classification,4601,57,2,54,54,select,select:mi,linear,0.9294,16.74
spambase_engineered,classical NLP,classification,4601,57,2,54,54,select,select:mi,knn,0.9066,16.74
spambase_engineered,classical NLP,classification,4601,57,2,54,54,select,select:mi,svm,0.924,16.74
spambase_engineered,classical NLP,classification,4601,57,2,54,54,select,select:f_test,linear,0.9316,16.74
spambase_engineered,classical NLP,classification,4601,57,2,54,54,select,select:f_test,knn,0.8925,16.74
spambase_engineered,classical NLP,classification,4601,57,2,54,54,select,select:f_test,svm,0.924,16.74
spambase_engineered,classical NLP,classification,4601,57,2,54,54,select,select:l1,linear,0.9294,16.74
spambase_engineered,classical NLP,classification,4601,57,2,54,54,select,select:l1,knn,0.9099,16.74
spambase_engineered,classical NLP,classification,4601,57,2,54,54,select,select:l1,svm,0.9273,16.74
spambase_engineered,classical NLP,classification,4601,57,2,54,54,dr,dr:PCA,linear,0.9273,0.0
spambase_engineered,classical NLP,classification,4601,57,2,54,54,dr,dr:PCA,knn,0.8817,0.0
spambase_engineered,classical NLP,classification,4601,57,2,54,54,dr,dr:PCA,svm,0.9251,0.0
spambase_engineered,classical NLP,classification,4601,57,2,54,54,dr,dr:RandProj,linear,0.9229,0.0
spambase_engineered,classical NLP,classification,4601,57,2,54,54,dr,dr:RandProj,knn,0.8936,0.0
spambase_engineered,classical NLP,classification,4601,57,2,54,54,dr,dr:RandProj,svm,0.9175,0.0
spambase_engineered,classical NLP,classification,4601,57,2,54,54,dr,dr:ICA,linear,0.9273,0.25
spambase_engineered,classical NLP,classification,4601,57,2,54,54,dr,dr:ICA,knn,0.8817,0.25
spambase_engineered,classical NLP,classification,4601,57,2,54,54,dr,dr:ICA,svm,0.9251,0.25
spambase_engineered,classical NLP,classification,4601,57,2,54,54,dr,dr:KernelPCA,linear,0.9164,0.78
spambase_engineered,classical NLP,classification,4601,57,2,54,54,dr,dr:KernelPCA,knn,0.8827,0.78
spambase_engineered,classical NLP,classification,4601,57,2,54,54,dr,dr:KernelPCA,svm,0.9164,0.78
spambase_engineered,classical NLP,classification,4601,57,2,54,54,dr,dr:Isomap,linear,0.8795,2.02
spambase_engineered,classical NLP,classification,4601,57,2,54,54,dr,dr:Isomap,knn,0.8686,2.02
spambase_engineered,classical NLP,classification,4601,57,2,54,54,dr,dr:Isomap,svm,0.8969,2.02
spambase_engineered,classical NLP,classification,4601,57,2,54,54,dr,dr:UMAP,linear,0.8664,17.44
spambase_engineered,classical NLP,classification,4601,57,2,54,54,dr,dr:UMAP,knn,0.8882,17.44
spambase_engineered,classical NLP,classification,4601,57,2,54,54,dr,dr:UMAP,svm,0.8817,17.44
spambase_engineered,classical NLP,classification,4601,57,2,54,27,select,select:vote,linear,0.9197,16.74
spambase_engineered,classical NLP,classification,4601,57,2,54,27,select,select:vote,knn,0.9055,16.74
spambase_engineered,classical NLP,classification,4601,57,2,54,27,select,select:vote,svm,0.924,16.74
spambase_engineered,classical NLP,classification,4601,57,2,54,27,select,select:rf,linear,0.924,16.74
spambase_engineered,classical NLP,classification,4601,57,2,54,27,select,select:rf,knn,0.911,16.74
spambase_engineered,classical NLP,classification,4601,57,2,54,27,select,select:rf,svm,0.9262,16.74
spambase_engineered,classical NLP,classification,4601,57,2,54,27,select,select:xg,linear,0.9186,16.74
spambase_engineered,classical NLP,classification,4601,57,2,54,27,select,select:xg,knn,0.9175,16.74
spambase_engineered,classical NLP,classification,4601,57,2,54,27,select,select:xg,svm,0.9197,16.74
spambase_engineered,classical NLP,classification,4601,57,2,54,27,select,select:mi,linear,0.9034,16.74
spambase_engineered,classical NLP,classification,4601,57,2,54,27,select,select:mi,knn,0.8893,16.74
spambase_engineered,classical NLP,classification,4601,57,2,54,27,select,select:mi,svm,0.9218,16.74
spambase_engineered,classical NLP,classification,4601,57,2,54,27,select,select:f_test,linear,0.9023,16.74
spambase_engineered,classical NLP,classification,4601,57,2,54,27,select,select:f_test,knn,0.8806,16.74
spambase_engineered,classical NLP,classification,4601,57,2,54,27,select,select:f_test,svm,0.9164,16.74
spambase_engineered,classical NLP,classification,4601,57,2,54,27,select,select:l1,linear,0.9218,16.74
spambase_engineered,classical NLP,classification,4601,57,2,54,27,select,select:l1,knn,0.8914,16.74
spambase_engineered,classical NLP,classification,4601,57,2,54,27,select,select:l1,svm,0.9197,16.74
spambase_engineered,classical NLP,classification,4601,57,2,54,27,dr,dr:PCA,linear,0.9023,0.0
spambase_engineered,classical NLP,classification,4601,57,2,54,27,dr,dr:PCA,knn,0.8925,0.0
spambase_engineered,classical NLP,classification,4601,57,2,54,27,dr,dr:PCA,svm,0.9175,0.0
spambase_engineered,classical NLP,classification,4601,57,2,54,27,dr,dr:RandProj,linear,0.8328,0.0
spambase_engineered,classical NLP,classification,4601,57,2,54,27,dr,dr:RandProj,knn,0.8849,0.0
spambase_engineered,classical NLP,classification,4601,57,2,54,27,dr,dr:RandProj,svm,0.8882,0.0
spambase_engineered,classical NLP,classification,4601,57,2,54,27,dr,dr:ICA,linear,0.9023,0.27
spambase_engineered,classical NLP,classification,4601,57,2,54,27,dr,dr:ICA,knn,0.8925,0.27
spambase_engineered,classical NLP,classification,4601,57,2,54,27,dr,dr:ICA,svm,0.9175,0.27
spambase_engineered,classical NLP,classification,4601,57,2,54,27,dr,dr:KernelPCA,linear,0.9099,0.56
spambase_engineered,classical NLP,classification,4601,57,2,54,27,dr,dr:KernelPCA,knn,0.8719,0.56
spambase_engineered,classical NLP,classification,4601,57,2,54,27,dr,dr:KernelPCA,svm,0.911,0.56
spambase_engineered,classical NLP,classification,4601,57,2,54,27,dr,dr:Isomap,linear,0.874,1.99
spambase_engineered,classical NLP,classification,4601,57,2,54,27,dr,dr:Isomap,knn,0.8827,1.99
spambase_engineered,classical NLP,classification,4601,57,2,54,27,dr,dr:Isomap,svm,0.8871,1.99
spambase_engineered,classical NLP,classification,4601,57,2,54,27,dr,dr:UMAP,linear,0.8643,15.91
spambase_engineered,classical NLP,classification,4601,57,2,54,27,dr,dr:UMAP,knn,0.8882,15.91
spambase_engineered,classical NLP,classification,4601,57,2,54,27,dr,dr:UMAP,svm,0.8827,15.91
spambase_engineered,classical NLP,classification,4601,57,2,54,13,select,select:vote,linear,0.9001,16.74
spambase_engineered,classical NLP,classification,4601,57,2,54,13,select,select:vote,knn,0.911,16.74
spambase_engineered,classical NLP,classification,4601,57,2,54,13,select,select:vote,svm,0.9153,16.74
spambase_engineered,classical NLP,classification,4601,57,2,54,13,select,select:rf,linear,0.9045,16.74
spambase_engineered,classical NLP,classification,4601,57,2,54,13,select,select:rf,knn,0.9077,16.74
spambase_engineered,classical NLP,classification,4601,57,2,54,13,select,select:rf,svm,0.9153,16.74
spambase_engineered,classical NLP,classification,4601,57,2,54,13,select,select:xg,linear,0.9023,16.74
spambase_engineered,classical NLP,classification,4601,57,2,54,13,select,select:xg,knn,0.9099,16.74
spambase_engineered,classical NLP,classification,4601,57,2,54,13,select,select:xg,svm,0.9066,16.74
spambase_engineered,classical NLP,classification,4601,57,2,54,13,select,select:mi,linear,0.8979,16.74
spambase_engineered,classical NLP,classification,4601,57,2,54,13,select,select:mi,knn,0.8958,16.74
spambase_engineered,classical NLP,classification,4601,57,2,54,13,select,select:mi,svm,0.9142,16.74
spambase_engineered,classical NLP,classification,4601,57,2,54,13,select,select:f_test,linear,0.8762,16.74
spambase_engineered,classical NLP,classification,4601,57,2,54,13,select,select:f_test,knn,0.8903,16.74
spambase_engineered,classical NLP,classification,4601,57,2,54,13,select,select:f_test,svm,0.8979,16.74
spambase_engineered,classical NLP,classification,4601,57,2,54,13,select,select:l1,linear,0.8882,16.74
spambase_engineered,classical NLP,classification,4601,57,2,54,13,select,select:l1,knn,0.9088,16.74
spambase_engineered,classical NLP,classification,4601,57,2,54,13,select,select:l1,svm,0.9142,16.74
spambase_engineered,classical NLP,classification,4601,57,2,54,13,dr,dr:PCA,linear,0.9001,0.0
spambase_engineered,classical NLP,classification,4601,57,2,54,13,dr,dr:PCA,knn,0.9034,0.0
spambase_engineered,classical NLP,classification,4601,57,2,54,13,dr,dr:PCA,svm,0.911,0.0
spambase_engineered,classical NLP,classification,4601,57,2,54,13,dr,dr:RandProj,linear,0.7622,0.0
spambase_engineered,classical NLP,classification,4601,57,2,54,13,dr,dr:RandProj,knn,0.861,0.0
spambase_engineered,classical NLP,classification,4601,57,2,54,13,dr,dr:RandProj,svm,0.8371,0.0
spambase_engineered,classical NLP,classification,4601,57,2,54,13,dr,dr:ICA,linear,0.9001,0.27
spambase_engineered,classical NLP,classification,4601,57,2,54,13,dr,dr:ICA,knn,0.9034,0.27
spambase_engineered,classical NLP,classification,4601,57,2,54,13,dr,dr:ICA,svm,0.911,0.27
spambase_engineered,classical NLP,classification,4601,57,2,54,13,dr,dr:KernelPCA,linear,0.8817,0.59
spambase_engineered,classical NLP,classification,4601,57,2,54,13,dr,dr:KernelPCA,knn,0.8817,0.59
spambase_engineered,classical NLP,classification,4601,57,2,54,13,dr,dr:KernelPCA,svm,0.8947,0.59
spambase_engineered,classical NLP,classification,4601,57,2,54,13,dr,dr:Isomap,linear,0.8621,1.97
spambase_engineered,classical NLP,classification,4601,57,2,54,13,dr,dr:Isomap,knn,0.8806,1.97
spambase_engineered,classical NLP,classification,4601,57,2,54,13,dr,dr:Isomap,svm,0.874,1.97
spambase_engineered,classical NLP,classification,4601,57,2,54,13,dr,dr:UMAP,linear,0.8599,14.46
spambase_engineered,classical NLP,classification,4601,57,2,54,13,dr,dr:UMAP,knn,0.899,14.46
spambase_engineered,classical NLP,classification,4601,57,2,54,13,dr,dr:UMAP,svm,0.8806,14.46
spambase_engineered,classical NLP,classification,4601,57,2,54,10,select,select:vote,linear,0.8903,16.74
spambase_engineered,classical NLP,classification,4601,57,2,54,10,select,select:vote,knn,0.8882,16.74
spambase_engineered,classical NLP,classification,4601,57,2,54,10,select,select:vote,svm,0.9045,16.74
spambase_engineered,classical NLP,classification,4601,57,2,54,10,select,select:rf,linear,0.8882,16.74
spambase_engineered,classical NLP,classification,4601,57,2,54,10,select,select:rf,knn,0.8936,16.74
spambase_engineered,classical NLP,classification,4601,57,2,54,10,select,select:rf,svm,0.9023,16.74
spambase_engineered,classical NLP,classification,4601,57,2,54,10,select,select:xg,linear,0.8795,16.74
spambase_engineered,classical NLP,classification,4601,57,2,54,10,select,select:xg,knn,0.9055,16.74
spambase_engineered,classical NLP,classification,4601,57,2,54,10,select,select:xg,svm,0.8947,16.74
spambase_engineered,classical NLP,classification,4601,57,2,54,10,select,select:mi,linear,0.8882,16.74
spambase_engineered,classical NLP,classification,4601,57,2,54,10,select,select:mi,knn,0.8936,16.74
spambase_engineered,classical NLP,classification,4601,57,2,54,10,select,select:mi,svm,0.9023,16.74
spambase_engineered,classical NLP,classification,4601,57,2,54,10,select,select:f_test,linear,0.8762,16.74
spambase_engineered,classical NLP,classification,4601,57,2,54,10,select,select:f_test,knn,0.8936,16.74
spambase_engineered,classical NLP,classification,4601,57,2,54,10,select,select:f_test,svm,0.8925,16.74
spambase_engineered,classical NLP,classification,4601,57,2,54,10,select,select:l1,linear,0.8827,16.74
spambase_engineered,classical NLP,classification,4601,57,2,54,10,select,select:l1,knn,0.9012,16.74
spambase_engineered,classical NLP,classification,4601,57,2,54,10,select,select:l1,svm,0.9099,16.74
spambase_engineered,classical NLP,classification,4601,57,2,54,10,dr,dr:PCA,linear,0.8969,0.0
spambase_engineered,classical NLP,classification,4601,57,2,54,10,dr,dr:PCA,knn,0.899,0.0
spambase_engineered,classical NLP,classification,4601,57,2,54,10,dr,dr:PCA,svm,0.9077,0.0
spambase_engineered,classical NLP,classification,4601,57,2,54,10,dr,dr:RandProj,linear,0.7655,0.0
spambase_engineered,classical NLP,classification,4601,57,2,54,10,dr,dr:RandProj,knn,0.8415,0.0
spambase_engineered,classical NLP,classification,4601,57,2,54,10,dr,dr:RandProj,svm,0.8252,0.0
spambase_engineered,classical NLP,classification,4601,57,2,54,10,dr,dr:ICA,linear,0.8969,0.27
spambase_engineered,classical NLP,classification,4601,57,2,54,10,dr,dr:ICA,knn,0.899,0.27
spambase_engineered,classical NLP,classification,4601,57,2,54,10,dr,dr:ICA,svm,0.9077,0.27
spambase_engineered,classical NLP,classification,4601,57,2,54,10,dr,dr:KernelPCA,linear,0.8827,0.61
spambase_engineered,classical NLP,classification,4601,57,2,54,10,dr,dr:KernelPCA,knn,0.8784,0.61
spambase_engineered,classical NLP,classification,4601,57,2,54,10,dr,dr:KernelPCA,svm,0.8969,0.61
spambase_engineered,classical NLP,classification,4601,57,2,54,10,dr,dr:Isomap,linear,0.8578,1.95
spambase_engineered,classical NLP,classification,4601,57,2,54,10,dr,dr:Isomap,knn,0.8762,1.95
spambase_engineered,classical NLP,classification,4601,57,2,54,10,dr,dr:Isomap,svm,0.873,1.95
spambase_engineered,classical NLP,classification,4601,57,2,54,10,dr,dr:UMAP,linear,0.8654,14.21
spambase_engineered,classical NLP,classification,4601,57,2,54,10,dr,dr:UMAP,knn,0.8979,14.21
spambase_engineered,classical NLP,classification,4601,57,2,54,10,dr,dr:UMAP,svm,0.8849,14.21
spambase_engineered,classical NLP,classification,4601,57,2,54,10,dr,dr:t-SNE,linear,0.8806,114.3
spambase_engineered,classical NLP,classification,4601,57,2,54,10,dr,dr:t-SNE,knn,0.9001,114.3
spambase_engineered,classical NLP,classification,4601,57,2,54,10,dr,dr:t-SNE,svm,0.886,114.3
spambase_engineered,classical NLP,classification,4601,57,2,54,1,select,select:vote,linear,0.76,16.74
spambase_engineered,classical NLP,classification,4601,57,2,54,1,select,select:vote,knn,0.7709,16.74
spambase_engineered,classical NLP,classification,4601,57,2,54,1,select,select:vote,svm,0.7709,16.74
spambase_engineered,classical NLP,classification,4601,57,2,54,1,select,select:rf,linear,0.76,16.74
spambase_engineered,classical NLP,classification,4601,57,2,54,1,select,select:rf,knn,0.7709,16.74
spambase_engineered,classical NLP,classification,4601,57,2,54,1,select,select:rf,svm,0.7709,16.74
spambase_engineered,classical NLP,classification,4601,57,2,54,1,select,select:xg,linear,0.76,16.74
spambase_engineered,classical NLP,classification,4601,57,2,54,1,select,select:xg,knn,0.7709,16.74
spambase_engineered,classical NLP,classification,4601,57,2,54,1,select,select:xg,svm,0.7709,16.74
spambase_engineered,classical NLP,classification,4601,57,2,54,1,select,select:mi,linear,0.76,16.74
spambase_engineered,classical NLP,classification,4601,57,2,54,1,select,select:mi,knn,0.7709,16.74
spambase_engineered,classical NLP,classification,4601,57,2,54,1,select,select:mi,svm,0.7709,16.74
spambase_engineered,classical NLP,classification,4601,57,2,54,1,select,select:f_test,linear,0.6982,16.74
spambase_engineered,classical NLP,classification,4601,57,2,54,1,select,select:f_test,knn,0.7286,16.74
spambase_engineered,classical NLP,classification,4601,57,2,54,1,select,select:f_test,svm,0.7438,16.74
spambase_engineered,classical NLP,classification,4601,57,2,54,1,select,select:l1,linear,0.6982,16.74
spambase_engineered,classical NLP,classification,4601,57,2,54,1,select,select:l1,knn,0.7286,16.74
spambase_engineered,classical NLP,classification,4601,57,2,54,1,select,select:l1,svm,0.7438,16.74
spambase_engineered,classical NLP,classification,4601,57,2,54,1,dr,dr:PCA,linear,0.8447,0.0
spambase_engineered,classical NLP,classification,4601,57,2,54,1,dr,dr:PCA,knn,0.8502,0.0
spambase_engineered,classical NLP,classification,4601,57,2,54,1,dr,dr:PCA,svm,0.8458,0.0
spambase_engineered,classical NLP,classification,4601,57,2,54,1,dr,dr:RandProj,linear,0.608,0.0
spambase_engineered,classical NLP,classification,4601,57,2,54,1,dr,dr:RandProj,knn,0.6211,0.0
spambase_engineered,classical NLP,classification,4601,57,2,54,1,dr,dr:RandProj,svm,0.6124,0.0
spambase_engineered,classical NLP,classification,4601,57,2,54,1,dr,dr:ICA,linear,0.8447,0.13
spambase_engineered,classical NLP,classification,4601,57,2,54,1,dr,dr:ICA,knn,0.8502,0.13
spambase_engineered,classical NLP,classification,4601,57,2,54,1,dr,dr:ICA,svm,0.8447,0.13
spambase_engineered,classical NLP,classification,4601,57,2,54,1,dr,dr:KernelPCA,linear,0.6059,0.52
spambase_engineered,classical NLP,classification,4601,57,2,54,1,dr,dr:KernelPCA,knn,0.6135,0.52
spambase_engineered,classical NLP,classification,4601,57,2,54,1,dr,dr:KernelPCA,svm,0.6059,0.52
spambase_engineered,classical NLP,classification,4601,57,2,54,1,dr,dr:Isomap,linear,0.8328,1.93
spambase_engineered,classical NLP,classification,4601,57,2,54,1,dr,dr:Isomap,knn,0.8284,1.93
spambase_engineered,classical NLP,classification,4601,57,2,54,1,dr,dr:Isomap,svm,0.8187,1.93
spambase_engineered,classical NLP,classification,4601,57,2,54,1,dr,dr:UMAP,linear,0.5983,13.28
spambase_engineered,classical NLP,classification,4601,57,2,54,1,dr,dr:UMAP,knn,0.8382,13.28
spambase_engineered,classical NLP,classification,4601,57,2,54,1,dr,dr:UMAP,svm,0.7535,13.28
spambase_engineered,classical NLP,classification,4601,57,2,54,1,dr,dr:t-SNE,linear,0.8219,0.83
spambase_engineered,classical NLP,classification,4601,57,2,54,1,dr,dr:t-SNE,knn,0.8469,0.83
spambase_engineered,classical NLP,classification,4601,57,2,54,1,dr,dr:t-SNE,svm,0.8306,0.83
breast_cancer,beyond NLP,classification,569,30,2,17,30,all,all features,linear,0.9825,0.0
breast_cancer,beyond NLP,classification,569,30,2,17,30,all,all features,knn,0.9649,0.0
breast_cancer,beyond NLP,classification,569,30,2,17,30,all,all features,svm,0.9825,0.0
breast_cancer,beyond NLP,classification,569,30,2,17,17,select,select:vote,linear,0.9737,1.48
breast_cancer,beyond NLP,classification,569,30,2,17,17,select,select:vote,knn,0.9561,1.48
breast_cancer,beyond NLP,classification,569,30,2,17,17,select,select:vote,svm,0.9825,1.48
breast_cancer,beyond NLP,classification,569,30,2,17,17,select,select:rf,linear,0.9737,1.48
breast_cancer,beyond NLP,classification,569,30,2,17,17,select,select:rf,knn,0.9561,1.48
breast_cancer,beyond NLP,classification,569,30,2,17,17,select,select:rf,svm,0.9649,1.48
breast_cancer,beyond NLP,classification,569,30,2,17,17,select,select:xg,linear,0.9737,1.48
breast_cancer,beyond NLP,classification,569,30,2,17,17,select,select:xg,knn,0.9561,1.48
breast_cancer,beyond NLP,classification,569,30,2,17,17,select,select:xg,svm,0.9737,1.48
breast_cancer,beyond NLP,classification,569,30,2,17,17,select,select:mi,linear,0.9737,1.48
breast_cancer,beyond NLP,classification,569,30,2,17,17,select,select:mi,knn,0.9474,1.48
breast_cancer,beyond NLP,classification,569,30,2,17,17,select,select:mi,svm,0.9649,1.48
breast_cancer,beyond NLP,classification,569,30,2,17,17,select,select:f_test,linear,0.9561,1.48
breast_cancer,beyond NLP,classification,569,30,2,17,17,select,select:f_test,knn,0.9474,1.48
breast_cancer,beyond NLP,classification,569,30,2,17,17,select,select:f_test,svm,0.9649,1.48
breast_cancer,beyond NLP,classification,569,30,2,17,17,select,select:l1,linear,0.9912,1.48
breast_cancer,beyond NLP,classification,569,30,2,17,17,select,select:l1,knn,0.9737,1.48
breast_cancer,beyond NLP,classification,569,30,2,17,17,select,select:l1,svm,0.9825,1.48
breast_cancer,beyond NLP,classification,569,30,2,17,17,dr,dr:PCA,linear,0.9737,0.0
breast_cancer,beyond NLP,classification,569,30,2,17,17,dr,dr:PCA,knn,0.886,0.0
breast_cancer,beyond NLP,classification,569,30,2,17,17,dr,dr:PCA,svm,0.9649,0.0
breast_cancer,beyond NLP,classification,569,30,2,17,17,dr,dr:RandProj,linear,0.9825,0.0
breast_cancer,beyond NLP,classification,569,30,2,17,17,dr,dr:RandProj,knn,0.9649,0.0
breast_cancer,beyond NLP,classification,569,30,2,17,17,dr,dr:RandProj,svm,0.9737,0.0
breast_cancer,beyond NLP,classification,569,30,2,17,17,dr,dr:ICA,linear,0.9737,0.01
breast_cancer,beyond NLP,classification,569,30,2,17,17,dr,dr:ICA,knn,0.886,0.01
breast_cancer,beyond NLP,classification,569,30,2,17,17,dr,dr:ICA,svm,0.9649,0.01
breast_cancer,beyond NLP,classification,569,30,2,17,17,dr,dr:KernelPCA,linear,0.9649,0.22
breast_cancer,beyond NLP,classification,569,30,2,17,17,dr,dr:KernelPCA,knn,0.9825,0.22
breast_cancer,beyond NLP,classification,569,30,2,17,17,dr,dr:KernelPCA,svm,0.9649,0.22
breast_cancer,beyond NLP,classification,569,30,2,17,17,dr,dr:Isomap,linear,0.9649,0.15
breast_cancer,beyond NLP,classification,569,30,2,17,17,dr,dr:Isomap,knn,0.9035,0.15
breast_cancer,beyond NLP,classification,569,30,2,17,17,dr,dr:Isomap,svm,0.9561,0.15
breast_cancer,beyond NLP,classification,569,30,2,17,17,dr,dr:UMAP,linear,0.9386,0.75
breast_cancer,beyond NLP,classification,569,30,2,17,17,dr,dr:UMAP,knn,0.9386,0.75
breast_cancer,beyond NLP,classification,569,30,2,17,17,dr,dr:UMAP,svm,0.9474,0.75
breast_cancer,beyond NLP,classification,569,30,2,17,10,select,select:vote,linear,0.9386,1.48
breast_cancer,beyond NLP,classification,569,30,2,17,10,select,select:vote,knn,0.9386,1.48
breast_cancer,beyond NLP,classification,569,30,2,17,10,select,select:vote,svm,0.9386,1.48
breast_cancer,beyond NLP,classification,569,30,2,17,10,select,select:rf,linear,0.9474,1.48
breast_cancer,beyond NLP,classification,569,30,2,17,10,select,select:rf,knn,0.9298,1.48
breast_cancer,beyond NLP,classification,569,30,2,17,10,select,select:rf,svm,0.9561,1.48
breast_cancer,beyond NLP,classification,569,30,2,17,10,select,select:xg,linear,0.9561,1.48
breast_cancer,beyond NLP,classification,569,30,2,17,10,select,select:xg,knn,0.9211,1.48
breast_cancer,beyond NLP,classification,569,30,2,17,10,select,select:xg,svm,0.9474,1.48
breast_cancer,beyond NLP,classification,569,30,2,17,10,select,select:mi,linear,0.9561,1.48
breast_cancer,beyond NLP,classification,569,30,2,17,10,select,select:mi,knn,0.9474,1.48
breast_cancer,beyond NLP,classification,569,30,2,17,10,select,select:mi,svm,0.9649,1.48
breast_cancer,beyond NLP,classification,569,30,2,17,10,select,select:f_test,linear,0.9474,1.48
breast_cancer,beyond NLP,classification,569,30,2,17,10,select,select:f_test,knn,0.9298,1.48
breast_cancer,beyond NLP,classification,569,30,2,17,10,select,select:f_test,svm,0.9561,1.48
breast_cancer,beyond NLP,classification,569,30,2,17,10,select,select:l1,linear,0.9825,1.48
breast_cancer,beyond NLP,classification,569,30,2,17,10,select,select:l1,knn,0.9561,1.48
breast_cancer,beyond NLP,classification,569,30,2,17,10,select,select:l1,svm,0.9474,1.48
breast_cancer,beyond NLP,classification,569,30,2,17,10,dr,dr:PCA,linear,0.9737,0.0
breast_cancer,beyond NLP,classification,569,30,2,17,10,dr,dr:PCA,knn,0.9474,0.0
breast_cancer,beyond NLP,classification,569,30,2,17,10,dr,dr:PCA,svm,0.9474,0.0
breast_cancer,beyond NLP,classification,569,30,2,17,10,dr,dr:RandProj,linear,0.9825,0.0
breast_cancer,beyond NLP,classification,569,30,2,17,10,dr,dr:RandProj,knn,0.9561,0.0
breast_cancer,beyond NLP,classification,569,30,2,17,10,dr,dr:RandProj,svm,0.9561,0.0
breast_cancer,beyond NLP,classification,569,30,2,17,10,dr,dr:ICA,linear,0.9737,0.0
breast_cancer,beyond NLP,classification,569,30,2,17,10,dr,dr:ICA,knn,0.9474,0.0
breast_cancer,beyond NLP,classification,569,30,2,17,10,dr,dr:ICA,svm,0.9474,0.0
breast_cancer,beyond NLP,classification,569,30,2,17,10,dr,dr:KernelPCA,linear,0.9561,0.19
breast_cancer,beyond NLP,classification,569,30,2,17,10,dr,dr:KernelPCA,knn,0.9474,0.19
breast_cancer,beyond NLP,classification,569,30,2,17,10,dr,dr:KernelPCA,svm,0.9561,0.19
breast_cancer,beyond NLP,classification,569,30,2,17,10,dr,dr:Isomap,linear,0.9649,0.15
breast_cancer,beyond NLP,classification,569,30,2,17,10,dr,dr:Isomap,knn,0.9035,0.15
breast_cancer,beyond NLP,classification,569,30,2,17,10,dr,dr:Isomap,svm,0.9649,0.15
breast_cancer,beyond NLP,classification,569,30,2,17,10,dr,dr:UMAP,linear,0.9386,0.7
breast_cancer,beyond NLP,classification,569,30,2,17,10,dr,dr:UMAP,knn,0.9386,0.7
breast_cancer,beyond NLP,classification,569,30,2,17,10,dr,dr:UMAP,svm,0.9474,0.7
breast_cancer,beyond NLP,classification,569,30,2,17,10,dr,dr:t-SNE,linear,0.9035,1.99
breast_cancer,beyond NLP,classification,569,30,2,17,10,dr,dr:t-SNE,knn,0.9211,1.99
breast_cancer,beyond NLP,classification,569,30,2,17,10,dr,dr:t-SNE,svm,0.9386,1.99
breast_cancer,beyond NLP,classification,569,30,2,17,8,select,select:vote,linear,0.9474,1.48
breast_cancer,beyond NLP,classification,569,30,2,17,8,select,select:vote,knn,0.9474,1.48
breast_cancer,beyond NLP,classification,569,30,2,17,8,select,select:vote,svm,0.9474,1.48
breast_cancer,beyond NLP,classification,569,30,2,17,8,select,select:rf,linear,0.9474,1.48
breast_cancer,beyond NLP,classification,569,30,2,17,8,select,select:rf,knn,0.9474,1.48
breast_cancer,beyond NLP,classification,569,30,2,17,8,select,select:rf,svm,0.9474,1.48
breast_cancer,beyond NLP,classification,569,30,2,17,8,select,select:xg,linear,0.9474,1.48
breast_cancer,beyond NLP,classification,569,30,2,17,8,select,select:xg,knn,0.9386,1.48
breast_cancer,beyond NLP,classification,569,30,2,17,8,select,select:xg,svm,0.9561,1.48
breast_cancer,beyond NLP,classification,569,30,2,17,8,select,select:mi,linear,0.9474,1.48
breast_cancer,beyond NLP,classification,569,30,2,17,8,select,select:mi,knn,0.9474,1.48
breast_cancer,beyond NLP,classification,569,30,2,17,8,select,select:mi,svm,0.9474,1.48
breast_cancer,beyond NLP,classification,569,30,2,17,8,select,select:f_test,linear,0.9474,1.48
breast_cancer,beyond NLP,classification,569,30,2,17,8,select,select:f_test,knn,0.9474,1.48
breast_cancer,beyond NLP,classification,569,30,2,17,8,select,select:f_test,svm,0.9474,1.48
breast_cancer,beyond NLP,classification,569,30,2,17,8,select,select:l1,linear,0.9737,1.48
breast_cancer,beyond NLP,classification,569,30,2,17,8,select,select:l1,knn,0.9737,1.48
breast_cancer,beyond NLP,classification,569,30,2,17,8,select,select:l1,svm,0.9649,1.48
breast_cancer,beyond NLP,classification,569,30,2,17,8,dr,dr:PCA,linear,0.9649,0.0
breast_cancer,beyond NLP,classification,569,30,2,17,8,dr,dr:PCA,knn,0.9211,0.0
breast_cancer,beyond NLP,classification,569,30,2,17,8,dr,dr:PCA,svm,0.9298,0.0
breast_cancer,beyond NLP,classification,569,30,2,17,8,dr,dr:RandProj,linear,0.9474,0.0
breast_cancer,beyond NLP,classification,569,30,2,17,8,dr,dr:RandProj,knn,0.9298,0.0
breast_cancer,beyond NLP,classification,569,30,2,17,8,dr,dr:RandProj,svm,0.9474,0.0
breast_cancer,beyond NLP,classification,569,30,2,17,8,dr,dr:ICA,linear,0.9649,0.01
breast_cancer,beyond NLP,classification,569,30,2,17,8,dr,dr:ICA,knn,0.9211,0.01
breast_cancer,beyond NLP,classification,569,30,2,17,8,dr,dr:ICA,svm,0.9298,0.01
breast_cancer,beyond NLP,classification,569,30,2,17,8,dr,dr:KernelPCA,linear,0.9649,0.19
breast_cancer,beyond NLP,classification,569,30,2,17,8,dr,dr:KernelPCA,knn,0.9298,0.19
breast_cancer,beyond NLP,classification,569,30,2,17,8,dr,dr:KernelPCA,svm,0.9386,0.19
breast_cancer,beyond NLP,classification,569,30,2,17,8,dr,dr:Isomap,linear,0.9649,0.09
breast_cancer,beyond NLP,classification,569,30,2,17,8,dr,dr:Isomap,knn,0.8772,0.09
breast_cancer,beyond NLP,classification,569,30,2,17,8,dr,dr:Isomap,svm,0.9561,0.09
breast_cancer,beyond NLP,classification,569,30,2,17,8,dr,dr:UMAP,linear,0.9474,0.65
breast_cancer,beyond NLP,classification,569,30,2,17,8,dr,dr:UMAP,knn,0.9561,0.65
breast_cancer,beyond NLP,classification,569,30,2,17,8,dr,dr:UMAP,svm,0.9561,0.65
breast_cancer,beyond NLP,classification,569,30,2,17,8,dr,dr:t-SNE,linear,0.9123,1.85
breast_cancer,beyond NLP,classification,569,30,2,17,8,dr,dr:t-SNE,knn,0.8947,1.85
breast_cancer,beyond NLP,classification,569,30,2,17,8,dr,dr:t-SNE,svm,0.9386,1.85
breast_cancer,beyond NLP,classification,569,30,2,17,4,select,select:vote,linear,0.9474,1.48
breast_cancer,beyond NLP,classification,569,30,2,17,4,select,select:vote,knn,0.9474,1.48
breast_cancer,beyond NLP,classification,569,30,2,17,4,select,select:vote,svm,0.9386,1.48
breast_cancer,beyond NLP,classification,569,30,2,17,4,select,select:rf,linear,0.9386,1.48
breast_cancer,beyond NLP,classification,569,30,2,17,4,select,select:rf,knn,0.9298,1.48
breast_cancer,beyond NLP,classification,569,30,2,17,4,select,select:rf,svm,0.9298,1.48
breast_cancer,beyond NLP,classification,569,30,2,17,4,select,select:xg,linear,0.9298,1.48
breast_cancer,beyond NLP,classification,569,30,2,17,4,select,select:xg,knn,0.9298,1.48
breast_cancer,beyond NLP,classification,569,30,2,17,4,select,select:xg,svm,0.9298,1.48
breast_cancer,beyond NLP,classification,569,30,2,17,4,select,select:mi,linear,0.9474,1.48
breast_cancer,beyond NLP,classification,569,30,2,17,4,select,select:mi,knn,0.9386,1.48
breast_cancer,beyond NLP,classification,569,30,2,17,4,select,select:mi,svm,0.9386,1.48
breast_cancer,beyond NLP,classification,569,30,2,17,4,select,select:f_test,linear,0.9298,1.48
breast_cancer,beyond NLP,classification,569,30,2,17,4,select,select:f_test,knn,0.9298,1.48
breast_cancer,beyond NLP,classification,569,30,2,17,4,select,select:f_test,svm,0.9298,1.48
breast_cancer,beyond NLP,classification,569,30,2,17,4,select,select:l1,linear,0.9298,1.48
breast_cancer,beyond NLP,classification,569,30,2,17,4,select,select:l1,knn,0.9298,1.48
breast_cancer,beyond NLP,classification,569,30,2,17,4,select,select:l1,svm,0.9298,1.48
breast_cancer,beyond NLP,classification,569,30,2,17,4,dr,dr:PCA,linear,0.9649,0.0
breast_cancer,beyond NLP,classification,569,30,2,17,4,dr,dr:PCA,knn,0.9211,0.0
breast_cancer,beyond NLP,classification,569,30,2,17,4,dr,dr:PCA,svm,0.9386,0.0
breast_cancer,beyond NLP,classification,569,30,2,17,4,dr,dr:RandProj,linear,0.8333,0.0
breast_cancer,beyond NLP,classification,569,30,2,17,4,dr,dr:RandProj,knn,0.807,0.0
breast_cancer,beyond NLP,classification,569,30,2,17,4,dr,dr:RandProj,svm,0.8509,0.0
breast_cancer,beyond NLP,classification,569,30,2,17,4,dr,dr:ICA,linear,0.9649,0.01
breast_cancer,beyond NLP,classification,569,30,2,17,4,dr,dr:ICA,knn,0.9211,0.01
breast_cancer,beyond NLP,classification,569,30,2,17,4,dr,dr:ICA,svm,0.9386,0.01
breast_cancer,beyond NLP,classification,569,30,2,17,4,dr,dr:KernelPCA,linear,0.9386,0.18
breast_cancer,beyond NLP,classification,569,30,2,17,4,dr,dr:KernelPCA,knn,0.886,0.18
breast_cancer,beyond NLP,classification,569,30,2,17,4,dr,dr:KernelPCA,svm,0.9211,0.18
breast_cancer,beyond NLP,classification,569,30,2,17,4,dr,dr:Isomap,linear,0.9561,0.09
breast_cancer,beyond NLP,classification,569,30,2,17,4,dr,dr:Isomap,knn,0.9298,0.09
breast_cancer,beyond NLP,classification,569,30,2,17,4,dr,dr:Isomap,svm,0.9298,0.09
breast_cancer,beyond NLP,classification,569,30,2,17,4,dr,dr:UMAP,linear,0.9474,0.64
breast_cancer,beyond NLP,classification,569,30,2,17,4,dr,dr:UMAP,knn,0.9298,0.64
breast_cancer,beyond NLP,classification,569,30,2,17,4,dr,dr:UMAP,svm,0.9386,0.64
breast_cancer,beyond NLP,classification,569,30,2,17,4,dr,dr:t-SNE,linear,0.9211,1.69
breast_cancer,beyond NLP,classification,569,30,2,17,4,dr,dr:t-SNE,knn,0.9211,1.69
breast_cancer,beyond NLP,classification,569,30,2,17,4,dr,dr:t-SNE,svm,0.9386,1.69
breast_cancer,beyond NLP,classification,569,30,2,17,1,select,select:vote,linear,0.9211,1.48
breast_cancer,beyond NLP,classification,569,30,2,17,1,select,select:vote,knn,0.9123,1.48
breast_cancer,beyond NLP,classification,569,30,2,17,1,select,select:vote,svm,0.9123,1.48
breast_cancer,beyond NLP,classification,569,30,2,17,1,select,select:rf,linear,0.9211,1.48
breast_cancer,beyond NLP,classification,569,30,2,17,1,select,select:rf,knn,0.9123,1.48
breast_cancer,beyond NLP,classification,569,30,2,17,1,select,select:rf,svm,0.9123,1.48
breast_cancer,beyond NLP,classification,569,30,2,17,1,select,select:xg,linear,0.9211,1.48
breast_cancer,beyond NLP,classification,569,30,2,17,1,select,select:xg,knn,0.9035,1.48
breast_cancer,beyond NLP,classification,569,30,2,17,1,select,select:xg,svm,0.9211,1.48
breast_cancer,beyond NLP,classification,569,30,2,17,1,select,select:mi,linear,0.9211,1.48
breast_cancer,beyond NLP,classification,569,30,2,17,1,select,select:mi,knn,0.9123,1.48
breast_cancer,beyond NLP,classification,569,30,2,17,1,select,select:mi,svm,0.9123,1.48
breast_cancer,beyond NLP,classification,569,30,2,17,1,select,select:f_test,linear,0.9123,1.48
breast_cancer,beyond NLP,classification,569,30,2,17,1,select,select:f_test,knn,0.886,1.48
breast_cancer,beyond NLP,classification,569,30,2,17,1,select,select:f_test,svm,0.9123,1.48
breast_cancer,beyond NLP,classification,569,30,2,17,1,select,select:l1,linear,0.9123,1.48
breast_cancer,beyond NLP,classification,569,30,2,17,1,select,select:l1,knn,0.886,1.48
breast_cancer,beyond NLP,classification,569,30,2,17,1,select,select:l1,svm,0.9123,1.48
breast_cancer,beyond NLP,classification,569,30,2,17,1,dr,dr:PCA,linear,0.9123,0.0
breast_cancer,beyond NLP,classification,569,30,2,17,1,dr,dr:PCA,knn,0.8772,0.0
breast_cancer,beyond NLP,classification,569,30,2,17,1,dr,dr:PCA,svm,0.9123,0.0
breast_cancer,beyond NLP,classification,569,30,2,17,1,dr,dr:RandProj,linear,0.6404,0.0
breast_cancer,beyond NLP,classification,569,30,2,17,1,dr,dr:RandProj,knn,0.5614,0.0
breast_cancer,beyond NLP,classification,569,30,2,17,1,dr,dr:RandProj,svm,0.6579,0.0
breast_cancer,beyond NLP,classification,569,30,2,17,1,dr,dr:ICA,linear,0.9123,0.0
breast_cancer,beyond NLP,classification,569,30,2,17,1,dr,dr:ICA,knn,0.8772,0.0
breast_cancer,beyond NLP,classification,569,30,2,17,1,dr,dr:ICA,svm,0.9123,0.0
breast_cancer,beyond NLP,classification,569,30,2,17,1,dr,dr:KernelPCA,linear,0.8947,0.19
breast_cancer,beyond NLP,classification,569,30,2,17,1,dr,dr:KernelPCA,knn,0.8947,0.19
breast_cancer,beyond NLP,classification,569,30,2,17,1,dr,dr:KernelPCA,svm,0.886,0.19
breast_cancer,beyond NLP,classification,569,30,2,17,1,dr,dr:Isomap,linear,0.9386,0.08
breast_cancer,beyond NLP,classification,569,30,2,17,1,dr,dr:Isomap,knn,0.9123,0.08
breast_cancer,beyond NLP,classification,569,30,2,17,1,dr,dr:Isomap,svm,0.9298,0.08
breast_cancer,beyond NLP,classification,569,30,2,17,1,dr,dr:UMAP,linear,0.8947,0.61
breast_cancer,beyond NLP,classification,569,30,2,17,1,dr,dr:UMAP,knn,0.9035,0.61
breast_cancer,beyond NLP,classification,569,30,2,17,1,dr,dr:UMAP,svm,0.9298,0.61
breast_cancer,beyond NLP,classification,569,30,2,17,1,dr,dr:t-SNE,linear,0.9211,0.18
breast_cancer,beyond NLP,classification,569,30,2,17,1,dr,dr:t-SNE,knn,0.9561,0.18
breast_cancer,beyond NLP,classification,569,30,2,17,1,dr,dr:t-SNE,svm,0.9211,0.18
diabetes,beyond NLP,regression,442,10,0,8,10,all,all features,linear,0.4541,0.0
diabetes,beyond NLP,regression,442,10,0,8,10,all,all features,knn,0.402,0.0
diabetes,beyond NLP,regression,442,10,0,8,10,all,all features,svm,0.1822,0.0
diabetes,beyond NLP,regression,442,10,0,8,10,select,select:vote,linear,0.4541,1.79
diabetes,beyond NLP,regression,442,10,0,8,10,select,select:vote,knn,0.402,1.79
diabetes,beyond NLP,regression,442,10,0,8,10,select,select:vote,svm,0.1822,1.79
diabetes,beyond NLP,regression,442,10,0,8,10,select,select:rf,linear,0.4541,1.79
diabetes,beyond NLP,regression,442,10,0,8,10,select,select:rf,knn,0.402,1.79
diabetes,beyond NLP,regression,442,10,0,8,10,select,select:rf,svm,0.1822,1.79
diabetes,beyond NLP,regression,442,10,0,8,10,select,select:xg,linear,0.4541,1.79
diabetes,beyond NLP,regression,442,10,0,8,10,select,select:xg,knn,0.402,1.79
diabetes,beyond NLP,regression,442,10,0,8,10,select,select:xg,svm,0.1822,1.79
diabetes,beyond NLP,regression,442,10,0,8,10,select,select:mi,linear,0.4541,1.79
diabetes,beyond NLP,regression,442,10,0,8,10,select,select:mi,knn,0.402,1.79
diabetes,beyond NLP,regression,442,10,0,8,10,select,select:mi,svm,0.1822,1.79
diabetes,beyond NLP,regression,442,10,0,8,10,select,select:f_test,linear,0.4541,1.79
diabetes,beyond NLP,regression,442,10,0,8,10,select,select:f_test,knn,0.402,1.79
diabetes,beyond NLP,regression,442,10,0,8,10,select,select:f_test,svm,0.1822,1.79
diabetes,beyond NLP,regression,442,10,0,8,10,select,select:l1,linear,0.4541,1.79
diabetes,beyond NLP,regression,442,10,0,8,10,select,select:l1,knn,0.402,1.79
diabetes,beyond NLP,regression,442,10,0,8,10,select,select:l1,svm,0.1822,1.79
diabetes,beyond NLP,regression,442,10,0,8,10,dr,dr:PCA,linear,0.4529,0.0
diabetes,beyond NLP,regression,442,10,0,8,10,dr,dr:PCA,knn,0.4218,0.0
diabetes,beyond NLP,regression,442,10,0,8,10,dr,dr:PCA,svm,0.1039,0.0
diabetes,beyond NLP,regression,442,10,0,8,10,dr,dr:ICA,linear,0.4529,0.06
diabetes,beyond NLP,regression,442,10,0,8,10,dr,dr:ICA,knn,0.4218,0.06
diabetes,beyond NLP,regression,442,10,0,8,10,dr,dr:ICA,svm,0.1039,0.06
diabetes,beyond NLP,regression,442,10,0,8,10,dr,dr:KernelPCA,linear,0.4394,0.29
diabetes,beyond NLP,regression,442,10,0,8,10,dr,dr:KernelPCA,knn,0.4077,0.29
diabetes,beyond NLP,regression,442,10,0,8,10,dr,dr:KernelPCA,svm,0.1224,0.29
diabetes,beyond NLP,regression,442,10,0,8,10,dr,dr:Isomap,linear,0.4563,0.09
diabetes,beyond NLP,regression,442,10,0,8,10,dr,dr:Isomap,knn,0.3634,0.09
diabetes,beyond NLP,regression,442,10,0,8,10,dr,dr:Isomap,svm,0.1242,0.09
diabetes,beyond NLP,regression,442,10,0,8,10,dr,dr:UMAP,linear,0.1986,0.5
diabetes,beyond NLP,regression,442,10,0,8,10,dr,dr:UMAP,knn,0.2725,0.5
diabetes,beyond NLP,regression,442,10,0,8,10,dr,dr:UMAP,svm,0.1805,0.5
diabetes,beyond NLP,regression,442,10,0,8,10,dr,dr:t-SNE,linear,0.1755,1.28
diabetes,beyond NLP,regression,442,10,0,8,10,dr,dr:t-SNE,knn,0.4295,1.28
diabetes,beyond NLP,regression,442,10,0,8,10,dr,dr:t-SNE,svm,0.1061,1.28
diabetes,beyond NLP,regression,442,10,0,8,8,select,select:vote,linear,0.4642,1.79
diabetes,beyond NLP,regression,442,10,0,8,8,select,select:vote,knn,0.4679,1.79
diabetes,beyond NLP,regression,442,10,0,8,8,select,select:vote,svm,0.202,1.79
diabetes,beyond NLP,regression,442,10,0,8,8,select,select:rf,linear,0.4389,1.79
diabetes,beyond NLP,regression,442,10,0,8,8,select,select:rf,knn,0.4212,1.79
diabetes,beyond NLP,regression,442,10,0,8,8,select,select:rf,svm,0.2104,1.79
diabetes,beyond NLP,regression,442,10,0,8,8,select,select:xg,linear,0.4642,1.79
diabetes,beyond NLP,regression,442,10,0,8,8,select,select:xg,knn,0.4679,1.79
diabetes,beyond NLP,regression,442,10,0,8,8,select,select:xg,svm,0.202,1.79
diabetes,beyond NLP,regression,442,10,0,8,8,select,select:mi,linear,0.4642,1.79
diabetes,beyond NLP,regression,442,10,0,8,8,select,select:mi,knn,0.4679,1.79
diabetes,beyond NLP,regression,442,10,0,8,8,select,select:mi,svm,0.202,1.79
diabetes,beyond NLP,regression,442,10,0,8,8,select,select:f_test,linear,0.4393,1.79
diabetes,beyond NLP,regression,442,10,0,8,8,select,select:f_test,knn,0.4208,1.79
diabetes,beyond NLP,regression,442,10,0,8,8,select,select:f_test,svm,0.2104,1.79
diabetes,beyond NLP,regression,442,10,0,8,8,select,select:l1,linear,0.4665,1.79
diabetes,beyond NLP,regression,442,10,0,8,8,select,select:l1,knn,0.4565,1.79
diabetes,beyond NLP,regression,442,10,0,8,8,select,select:l1,svm,0.1971,1.79
diabetes,beyond NLP,regression,442,10,0,8,8,dr,dr:PCA,linear,0.456,0.0
diabetes,beyond NLP,regression,442,10,0,8,8,dr,dr:PCA,knn,0.4269,0.0
diabetes,beyond NLP,regression,442,10,0,8,8,dr,dr:PCA,svm,0.1164,0.0
diabetes,beyond NLP,regression,442,10,0,8,8,dr,dr:RandProj,linear,0.4494,0.0
diabetes,beyond NLP,regression,442,10,0,8,8,dr,dr:RandProj,knn,0.2265,0.0
diabetes,beyond NLP,regression,442,10,0,8,8,dr,dr:RandProj,svm,0.1337,0.0
diabetes,beyond NLP,regression,442,10,0,8,8,dr,dr:ICA,linear,0.456,0.05
diabetes,beyond NLP,regression,442,10,0,8,8,dr,dr:ICA,knn,0.4269,0.05
diabetes,beyond NLP,regression,442,10,0,8,8,dr,dr:ICA,svm,0.1164,0.05
diabetes,beyond NLP,regression,442,10,0,8,8,dr,dr:KernelPCA,linear,0.4352,0.13
diabetes,beyond NLP,regression,442,10,0,8,8,dr,dr:KernelPCA,knn,0.3852,0.13
diabetes,beyond NLP,regression,442,10,0,8,8,dr,dr:KernelPCA,svm,0.1452,0.13
diabetes,beyond NLP,regression,442,10,0,8,8,dr,dr:Isomap,linear,0.4561,0.1
diabetes,beyond NLP,regression,442,10,0,8,8,dr,dr:Isomap,knn,0.363,0.1
diabetes,beyond NLP,regression,442,10,0,8,8,dr,dr:Isomap,svm,0.141,0.1
diabetes,beyond NLP,regression,442,10,0,8,8,dr,dr:UMAP,linear,0.3047,0.48
diabetes,beyond NLP,regression,442,10,0,8,8,dr,dr:UMAP,knn,0.3334,0.48
diabetes,beyond NLP,regression,442,10,0,8,8,dr,dr:UMAP,svm,0.1177,0.48
diabetes,beyond NLP,regression,442,10,0,8,8,dr,dr:t-SNE,linear,0.093,1.21
diabetes,beyond NLP,regression,442,10,0,8,8,dr,dr:t-SNE,knn,0.344,1.21
diabetes,beyond NLP,regression,442,10,0,8,8,dr,dr:t-SNE,svm,0.0725,1.21
diabetes,beyond NLP,regression,442,10,0,8,4,select,select:vote,linear,0.4527,1.79
diabetes,beyond NLP,regression,442,10,0,8,4,select,select:vote,knn,0.3953,1.79
diabetes,beyond NLP,regression,442,10,0,8,4,select,select:vote,svm,0.2904,1.79
diabetes,beyond NLP,regression,442,10,0,8,4,select,select:rf,linear,0.4472,1.79
diabetes,beyond NLP,regression,442,10,0,8,4,select,select:rf,knn,0.4298,1.79
diabetes,beyond NLP,regression,442,10,0,8,4,select,select:rf,svm,0.2755,1.79
diabetes,beyond NLP,regression,442,10,0,8,4,select,select:xg,linear,0.4527,1.79
diabetes,beyond NLP,regression,442,10,0,8,4,select,select:xg,knn,0.3953,1.79
diabetes,beyond NLP,regression,442,10,0,8,4,select,select:xg,svm,0.2904,1.79
diabetes,beyond NLP,regression,442,10,0,8,4,select,select:mi,linear,0.4547,1.79
diabetes,beyond NLP,regression,442,10,0,8,4,select,select:mi,knn,0.4602,1.79
diabetes,beyond NLP,regression,442,10,0,8,4,select,select:mi,svm,0.2603,1.79
diabetes,beyond NLP,regression,442,10,0,8,4,select,select:f_test,linear,0.4527,1.79
diabetes,beyond NLP,regression,442,10,0,8,4,select,select:f_test,knn,0.3953,1.79
diabetes,beyond NLP,regression,442,10,0,8,4,select,select:f_test,svm,0.2904,1.79
diabetes,beyond NLP,regression,442,10,0,8,4,select,select:l1,linear,0.4472,1.79
diabetes,beyond NLP,regression,442,10,0,8,4,select,select:l1,knn,0.4298,1.79
diabetes,beyond NLP,regression,442,10,0,8,4,select,select:l1,svm,0.2755,1.79
diabetes,beyond NLP,regression,442,10,0,8,4,dr,dr:PCA,linear,0.4576,0.0
diabetes,beyond NLP,regression,442,10,0,8,4,dr,dr:PCA,knn,0.4397,0.0
diabetes,beyond NLP,regression,442,10,0,8,4,dr,dr:PCA,svm,0.2169,0.0
diabetes,beyond NLP,regression,442,10,0,8,4,dr,dr:RandProj,linear,0.2505,0.0
diabetes,beyond NLP,regression,442,10,0,8,4,dr,dr:RandProj,knn,0.1845,0.0
diabetes,beyond NLP,regression,442,10,0,8,4,dr,dr:RandProj,svm,0.1662,0.0
diabetes,beyond NLP,regression,442,10,0,8,4,dr,dr:ICA,linear,0.4576,0.0
diabetes,beyond NLP,regression,442,10,0,8,4,dr,dr:ICA,knn,0.4397,0.0
diabetes,beyond NLP,regression,442,10,0,8,4,dr,dr:ICA,svm,0.2169,0.0
diabetes,beyond NLP,regression,442,10,0,8,4,dr,dr:KernelPCA,linear,0.4523,0.14
diabetes,beyond NLP,regression,442,10,0,8,4,dr,dr:KernelPCA,knn,0.4,0.14
diabetes,beyond NLP,regression,442,10,0,8,4,dr,dr:KernelPCA,svm,0.2106,0.14
diabetes,beyond NLP,regression,442,10,0,8,4,dr,dr:Isomap,linear,0.4323,0.11
diabetes,beyond NLP,regression,442,10,0,8,4,dr,dr:Isomap,knn,0.4036,0.11
diabetes,beyond NLP,regression,442,10,0,8,4,dr,dr:Isomap,svm,0.2143,0.11
diabetes,beyond NLP,regression,442,10,0,8,4,dr,dr:UMAP,linear,0.2123,0.46
diabetes,beyond NLP,regression,442,10,0,8,4,dr,dr:UMAP,knn,0.3432,0.46
diabetes,beyond NLP,regression,442,10,0,8,4,dr,dr:UMAP,svm,0.1473,0.46
diabetes,beyond NLP,regression,442,10,0,8,4,dr,dr:t-SNE,linear,0.0971,1.11
diabetes,beyond NLP,regression,442,10,0,8,4,dr,dr:t-SNE,knn,0.3538,1.11
diabetes,beyond NLP,regression,442,10,0,8,4,dr,dr:t-SNE,svm,0.1386,1.11
diabetes,beyond NLP,regression,442,10,0,8,2,select,select:vote,linear,0.4524,1.79
diabetes,beyond NLP,regression,442,10,0,8,2,select,select:vote,knn,0.4248,1.79
diabetes,beyond NLP,regression,442,10,0,8,2,select,select:vote,svm,0.3161,1.79
diabetes,beyond NLP,regression,442,10,0,8,2,select,select:rf,linear,0.4524,1.79
diabetes,beyond NLP,regression,442,10,0,8,2,select,select:rf,knn,0.4248,1.79
diabetes,beyond NLP,regression,442,10,0,8,2,select,select:rf,svm,0.3161,1.79
diabetes,beyond NLP,regression,442,10,0,8,2,select,select:xg,linear,0.4524,1.79
diabetes,beyond NLP,regression,442,10,0,8,2,select,select:xg,knn,0.4248,1.79
diabetes,beyond NLP,regression,442,10,0,8,2,select,select:xg,svm,0.3161,1.79
diabetes,beyond NLP,regression,442,10,0,8,2,select,select:mi,linear,0.4524,1.79
diabetes,beyond NLP,regression,442,10,0,8,2,select,select:mi,knn,0.4248,1.79
diabetes,beyond NLP,regression,442,10,0,8,2,select,select:mi,svm,0.3161,1.79
diabetes,beyond NLP,regression,442,10,0,8,2,select,select:f_test,linear,0.4524,1.79
diabetes,beyond NLP,regression,442,10,0,8,2,select,select:f_test,knn,0.4248,1.79
diabetes,beyond NLP,regression,442,10,0,8,2,select,select:f_test,svm,0.3161,1.79
diabetes,beyond NLP,regression,442,10,0,8,2,select,select:l1,linear,0.4524,1.79
diabetes,beyond NLP,regression,442,10,0,8,2,select,select:l1,knn,0.4248,1.79
diabetes,beyond NLP,regression,442,10,0,8,2,select,select:l1,svm,0.3161,1.79
diabetes,beyond NLP,regression,442,10,0,8,2,dr,dr:PCA,linear,0.3406,0.0
diabetes,beyond NLP,regression,442,10,0,8,2,dr,dr:PCA,knn,0.2421,0.0
diabetes,beyond NLP,regression,442,10,0,8,2,dr,dr:PCA,svm,0.194,0.0
diabetes,beyond NLP,regression,442,10,0,8,2,dr,dr:RandProj,linear,0.1202,0.0
diabetes,beyond NLP,regression,442,10,0,8,2,dr,dr:RandProj,knn,0.1002,0.0
diabetes,beyond NLP,regression,442,10,0,8,2,dr,dr:RandProj,svm,0.1226,0.0
diabetes,beyond NLP,regression,442,10,0,8,2,dr,dr:ICA,linear,0.3406,0.0
diabetes,beyond NLP,regression,442,10,0,8,2,dr,dr:ICA,knn,0.2421,0.0
diabetes,beyond NLP,regression,442,10,0,8,2,dr,dr:ICA,svm,0.194,0.0
diabetes,beyond NLP,regression,442,10,0,8,2,dr,dr:KernelPCA,linear,0.2859,0.15
diabetes,beyond NLP,regression,442,10,0,8,2,dr,dr:KernelPCA,knn,0.2172,0.15
diabetes,beyond NLP,regression,442,10,0,8,2,dr,dr:KernelPCA,svm,0.2095,0.15
diabetes,beyond NLP,regression,442,10,0,8,2,dr,dr:Isomap,linear,0.3501,0.1
diabetes,beyond NLP,regression,442,10,0,8,2,dr,dr:Isomap,knn,0.3582,0.1
diabetes,beyond NLP,regression,442,10,0,8,2,dr,dr:Isomap,svm,0.2595,0.1
diabetes,beyond NLP,regression,442,10,0,8,2,dr,dr:UMAP,linear,0.0706,0.45
diabetes,beyond NLP,regression,442,10,0,8,2,dr,dr:UMAP,knn,0.3415,0.45
diabetes,beyond NLP,regression,442,10,0,8,2,dr,dr:UMAP,svm,0.1302,0.45
diabetes,beyond NLP,regression,442,10,0,8,2,dr,dr:t-SNE,linear,0.1912,0.16
diabetes,beyond NLP,regression,442,10,0,8,2,dr,dr:t-SNE,knn,0.3648,0.16
diabetes,beyond NLP,regression,442,10,0,8,2,dr,dr:t-SNE,svm,0.1133,0.16
diabetes,beyond NLP,regression,442,10,0,8,1,select,select:vote,linear,0.2339,1.79
diabetes,beyond NLP,regression,442,10,0,8,1,select,select:vote,knn,0.2166,1.79
diabetes,beyond NLP,regression,442,10,0,8,1,select,select:vote,svm,0.1966,1.79
diabetes,beyond NLP,regression,442,10,0,8,1,select,select:rf,linear,0.2339,1.79
diabetes,beyond NLP,regression,442,10,0,8,1,select,select:rf,knn,0.2166,1.79
diabetes,beyond NLP,regression,442,10,0,8,1,select,select:rf,svm,0.1966,1.79
diabetes,beyond NLP,regression,442,10,0,8,1,select,select:xg,linear,0.2339,1.79
diabetes,beyond NLP,regression,442,10,0,8,1,select,select:xg,knn,0.2166,1.79
diabetes,beyond NLP,regression,442,10,0,8,1,select,select:xg,svm,0.1966,1.79
diabetes,beyond NLP,regression,442,10,0,8,1,select,select:mi,linear,0.2339,1.79
diabetes,beyond NLP,regression,442,10,0,8,1,select,select:mi,knn,0.2166,1.79
diabetes,beyond NLP,regression,442,10,0,8,1,select,select:mi,svm,0.1966,1.79
diabetes,beyond NLP,regression,442,10,0,8,1,select,select:f_test,linear,0.2339,1.79
diabetes,beyond NLP,regression,442,10,0,8,1,select,select:f_test,knn,0.2166,1.79
diabetes,beyond NLP,regression,442,10,0,8,1,select,select:f_test,svm,0.1966,1.79
diabetes,beyond NLP,regression,442,10,0,8,1,select,select:l1,linear,0.2339,1.79
diabetes,beyond NLP,regression,442,10,0,8,1,select,select:l1,knn,0.2166,1.79
diabetes,beyond NLP,regression,442,10,0,8,1,select,select:l1,svm,0.1966,1.79
diabetes,beyond NLP,regression,442,10,0,8,1,dr,dr:PCA,linear,0.3258,0.0
diabetes,beyond NLP,regression,442,10,0,8,1,dr,dr:PCA,knn,0.2074,0.0
diabetes,beyond NLP,regression,442,10,0,8,1,dr,dr:PCA,svm,0.2255,0.0
diabetes,beyond NLP,regression,442,10,0,8,1,dr,dr:RandProj,linear,0.0078,0.0
diabetes,beyond NLP,regression,442,10,0,8,1,dr,dr:RandProj,knn,0.0021,0.0
diabetes,beyond NLP,regression,442,10,0,8,1,dr,dr:RandProj,svm,0.0638,0.0
diabetes,beyond NLP,regression,442,10,0,8,1,dr,dr:ICA,linear,0.3258,0.0
diabetes,beyond NLP,regression,442,10,0,8,1,dr,dr:ICA,knn,0.2074,0.0
diabetes,beyond NLP,regression,442,10,0,8,1,dr,dr:ICA,svm,0.2255,0.0
diabetes,beyond NLP,regression,442,10,0,8,1,dr,dr:KernelPCA,linear,0.2444,0.12
diabetes,beyond NLP,regression,442,10,0,8,1,dr,dr:KernelPCA,knn,0.1968,0.12
diabetes,beyond NLP,regression,442,10,0,8,1,dr,dr:KernelPCA,svm,0.1974,0.12
diabetes,beyond NLP,regression,442,10,0,8,1,dr,dr:Isomap,linear,0.0539,0.1
diabetes,beyond NLP,regression,442,10,0,8,1,dr,dr:Isomap,knn,0.0834,0.1
diabetes,beyond NLP,regression,442,10,0,8,1,dr,dr:Isomap,svm,0.0479,0.1
diabetes,beyond NLP,regression,442,10,0,8,1,dr,dr:UMAP,linear,0.012,0.44
diabetes,beyond NLP,regression,442,10,0,8,1,dr,dr:UMAP,knn,0.369,0.44
diabetes,beyond NLP,regression,442,10,0,8,1,dr,dr:UMAP,svm,0.0977,0.44
diabetes,beyond NLP,regression,442,10,0,8,1,dr,dr:t-SNE,linear,0.1459,0.15
diabetes,beyond NLP,regression,442,10,0,8,1,dr,dr:t-SNE,knn,0.3326,0.15
diabetes,beyond NLP,regression,442,10,0,8,1,dr,dr:t-SNE,svm,0.1275,0.15
mnist_pixels,beyond NLP,classification,4000,784,10,431,784,all,all features,linear,0.8775,0.0
mnist_pixels,beyond NLP,classification,4000,784,10,431,784,all,all features,knn,0.865,0.0
mnist_pixels,beyond NLP,classification,4000,784,10,431,784,all,all features,svm,0.9187,0.0
mnist_pixels,beyond NLP,classification,4000,784,10,431,431,select,select:vote,linear,0.865,1999.1
mnist_pixels,beyond NLP,classification,4000,784,10,431,431,select,select:vote,knn,0.8888,1999.1
mnist_pixels,beyond NLP,classification,4000,784,10,431,431,select,select:vote,svm,0.9375,1999.1
mnist_pixels,beyond NLP,classification,4000,784,10,431,431,select,select:rf,linear,0.8812,1999.1
mnist_pixels,beyond NLP,classification,4000,784,10,431,431,select,select:rf,knn,0.885,1999.1
mnist_pixels,beyond NLP,classification,4000,784,10,431,431,select,select:rf,svm,0.935,1999.1
mnist_pixels,beyond NLP,classification,4000,784,10,431,431,select,select:xg,linear,0.87,1999.1
mnist_pixels,beyond NLP,classification,4000,784,10,431,431,select,select:xg,knn,0.8762,1999.1
mnist_pixels,beyond NLP,classification,4000,784,10,431,431,select,select:xg,svm,0.9313,1999.1
mnist_pixels,beyond NLP,classification,4000,784,10,431,431,select,select:mi,linear,0.8762,1999.1
mnist_pixels,beyond NLP,classification,4000,784,10,431,431,select,select:mi,knn,0.8862,1999.1
mnist_pixels,beyond NLP,classification,4000,784,10,431,431,select,select:mi,svm,0.9363,1999.1
mnist_pixels,beyond NLP,classification,4000,784,10,431,431,select,select:f_test,linear,0.8775,1999.1
mnist_pixels,beyond NLP,classification,4000,784,10,431,431,select,select:f_test,knn,0.88,1999.1
mnist_pixels,beyond NLP,classification,4000,784,10,431,431,select,select:f_test,svm,0.935,1999.1
mnist_pixels,beyond NLP,classification,4000,784,10,431,431,select,select:l1,linear,0.87,1999.1
mnist_pixels,beyond NLP,classification,4000,784,10,431,431,select,select:l1,knn,0.8875,1999.1
mnist_pixels,beyond NLP,classification,4000,784,10,431,431,select,select:l1,svm,0.92,1999.1
mnist_pixels,beyond NLP,classification,4000,784,10,431,431,dr,dr:PCA,linear,0.8013,1.55
mnist_pixels,beyond NLP,classification,4000,784,10,431,431,dr,dr:PCA,knn,0.2575,1.55
mnist_pixels,beyond NLP,classification,4000,784,10,431,431,dr,dr:PCA,svm,0.8163,1.55
mnist_pixels,beyond NLP,classification,4000,784,10,431,431,dr,dr:RandProj,linear,0.855,0.01
mnist_pixels,beyond NLP,classification,4000,784,10,431,431,dr,dr:RandProj,knn,0.8512,0.01
mnist_pixels,beyond NLP,classification,4000,784,10,431,431,dr,dr:RandProj,svm,0.9113,0.01
mnist_pixels,beyond NLP,classification,4000,784,10,431,215,select,select:vote,linear,0.85,1999.1
mnist_pixels,beyond NLP,classification,4000,784,10,431,215,select,select:vote,knn,0.8588,1999.1
mnist_pixels,beyond NLP,classification,4000,784,10,431,215,select,select:vote,svm,0.9225,1999.1
mnist_pixels,beyond NLP,classification,4000,784,10,431,215,select,select:rf,linear,0.8375,1999.1
mnist_pixels,beyond NLP,classification,4000,784,10,431,215,select,select:rf,knn,0.9213,1999.1
mnist_pixels,beyond NLP,classification,4000,784,10,431,215,select,select:rf,svm,0.9525,1999.1
mnist_pixels,beyond NLP,classification,4000,784,10,431,215,select,select:xg,linear,0.8438,1999.1
mnist_pixels,beyond NLP,classification,4000,784,10,431,215,select,select:xg,knn,0.8337,1999.1
mnist_pixels,beyond NLP,classification,4000,784,10,431,215,select,select:xg,svm,0.8988,1999.1
mnist_pixels,beyond NLP,classification,4000,784,10,431,215,select,select:mi,linear,0.8512,1999.1
mnist_pixels,beyond NLP,classification,4000,784,10,431,215,select,select:mi,knn,0.8912,1999.1
mnist_pixels,beyond NLP,classification,4000,784,10,431,215,select,select:mi,svm,0.9513,1999.1
mnist_pixels,beyond NLP,classification,4000,784,10,431,215,select,select:f_test,linear,0.8387,1999.1
mnist_pixels,beyond NLP,classification,4000,784,10,431,215,select,select:f_test,knn,0.895,1999.1
mnist_pixels,beyond NLP,classification,4000,784,10,431,215,select,select:f_test,svm,0.9337,1999.1
mnist_pixels,beyond NLP,classification,4000,784,10,431,215,select,select:l1,linear,0.84,1999.1
mnist_pixels,beyond NLP,classification,4000,784,10,431,215,select,select:l1,knn,0.875,1999.1
mnist_pixels,beyond NLP,classification,4000,784,10,431,215,select,select:l1,svm,0.9237,1999.1
mnist_pixels,beyond NLP,classification,4000,784,10,431,215,dr,dr:PCA,linear,0.855,0.46
mnist_pixels,beyond NLP,classification,4000,784,10,431,215,dr,dr:PCA,knn,0.6625,0.46
mnist_pixels,beyond NLP,classification,4000,784,10,431,215,dr,dr:PCA,svm,0.8762,0.46
mnist_pixels,beyond NLP,classification,4000,784,10,431,215,dr,dr:RandProj,linear,0.8413,0.0
mnist_pixels,beyond NLP,classification,4000,784,10,431,215,dr,dr:RandProj,knn,0.8512,0.0
mnist_pixels,beyond NLP,classification,4000,784,10,431,215,dr,dr:RandProj,svm,0.91,0.0
mnist_pixels,beyond NLP,classification,4000,784,10,431,107,select,select:vote,linear,0.82,1999.1
mnist_pixels,beyond NLP,classification,4000,784,10,431,107,select,select:vote,knn,0.8225,1999.1
mnist_pixels,beyond NLP,classification,4000,784,10,431,107,select,select:vote,svm,0.8925,1999.1
mnist_pixels,beyond NLP,classification,4000,784,10,431,107,select,select:rf,linear,0.8137,1999.1
mnist_pixels,beyond NLP,classification,4000,784,10,431,107,select,select:rf,knn,0.8775,1999.1
mnist_pixels,beyond NLP,classification,4000,784,10,431,107,select,select:rf,svm,0.9175,1999.1
mnist_pixels,beyond NLP,classification,4000,784,10,431,107,select,select:xg,linear,0.8363,1999.1
mnist_pixels,beyond NLP,classification,4000,784,10,431,107,select,select:xg,knn,0.7825,1999.1
mnist_pixels,beyond NLP,classification,4000,784,10,431,107,select,select:xg,svm,0.8612,1999.1
mnist_pixels,beyond NLP,classification,4000,784,10,431,107,select,select:mi,linear,0.8087,1999.1
mnist_pixels,beyond NLP,classification,4000,784,10,431,107,select,select:mi,knn,0.8325,1999.1
mnist_pixels,beyond NLP,classification,4000,784,10,431,107,select,select:mi,svm,0.8975,1999.1
mnist_pixels,beyond NLP,classification,4000,784,10,431,107,select,select:f_test,linear,0.8013,1999.1
mnist_pixels,beyond NLP,classification,4000,784,10,431,107,select,select:f_test,knn,0.8413,1999.1
mnist_pixels,beyond NLP,classification,4000,784,10,431,107,select,select:f_test,svm,0.8888,1999.1
mnist_pixels,beyond NLP,classification,4000,784,10,431,107,select,select:l1,linear,0.855,1999.1
mnist_pixels,beyond NLP,classification,4000,784,10,431,107,select,select:l1,knn,0.8363,1999.1
mnist_pixels,beyond NLP,classification,4000,784,10,431,107,select,select:l1,svm,0.89,1999.1
mnist_pixels,beyond NLP,classification,4000,784,10,431,107,dr,dr:PCA,linear,0.8838,0.58
mnist_pixels,beyond NLP,classification,4000,784,10,431,107,dr,dr:PCA,knn,0.8225,0.58
mnist_pixels,beyond NLP,classification,4000,784,10,431,107,dr,dr:PCA,svm,0.9087,0.58
mnist_pixels,beyond NLP,classification,4000,784,10,431,107,dr,dr:RandProj,linear,0.83,0.0
mnist_pixels,beyond NLP,classification,4000,784,10,431,107,dr,dr:RandProj,knn,0.8275,0.0
mnist_pixels,beyond NLP,classification,4000,784,10,431,107,dr,dr:RandProj,svm,0.9,0.0
mnist_pixels,beyond NLP,classification,4000,784,10,431,10,select,select:vote,linear,0.505,1999.1
mnist_pixels,beyond NLP,classification,4000,784,10,431,10,select,select:vote,knn,0.5062,1999.1
mnist_pixels,beyond NLP,classification,4000,784,10,431,10,select,select:vote,svm,0.5162,1999.1
mnist_pixels,beyond NLP,classification,4000,784,10,431,10,select,select:rf,linear,0.57,1999.1
mnist_pixels,beyond NLP,classification,4000,784,10,431,10,select,select:rf,knn,0.5725,1999.1
mnist_pixels,beyond NLP,classification,4000,784,10,431,10,select,select:rf,svm,0.6212,1999.1
mnist_pixels,beyond NLP,classification,4000,784,10,431,10,select,select:xg,linear,0.2775,1999.1
mnist_pixels,beyond NLP,classification,4000,784,10,431,10,select,select:xg,knn,0.235,1999.1
mnist_pixels,beyond NLP,classification,4000,784,10,431,10,select,select:xg,svm,0.2838,1999.1
mnist_pixels,beyond NLP,classification,4000,784,10,431,10,select,select:mi,linear,0.5387,1999.1
mnist_pixels,beyond NLP,classification,4000,784,10,431,10,select,select:mi,knn,0.5475,1999.1
mnist_pixels,beyond NLP,classification,4000,784,10,431,10,select,select:mi,svm,0.5775,1999.1
mnist_pixels,beyond NLP,classification,4000,784,10,431,10,select,select:f_test,linear,0.57,1999.1
mnist_pixels,beyond NLP,classification,4000,784,10,431,10,select,select:f_test,knn,0.5663,1999.1
mnist_pixels,beyond NLP,classification,4000,784,10,431,10,select,select:f_test,svm,0.6012,1999.1
mnist_pixels,beyond NLP,classification,4000,784,10,431,10,select,select:l1,linear,0.4163,1999.1
mnist_pixels,beyond NLP,classification,4000,784,10,431,10,select,select:l1,knn,0.4225,1999.1
mnist_pixels,beyond NLP,classification,4000,784,10,431,10,select,select:l1,svm,0.4462,1999.1
mnist_pixels,beyond NLP,classification,4000,784,10,431,10,dr,dr:PCA,linear,0.7863,0.01
mnist_pixels,beyond NLP,classification,4000,784,10,431,10,dr,dr:PCA,knn,0.835,0.01
mnist_pixels,beyond NLP,classification,4000,784,10,431,10,dr,dr:PCA,svm,0.8838,0.01
mnist_pixels,beyond NLP,classification,4000,784,10,431,10,dr,dr:RandProj,linear,0.4963,0.0
mnist_pixels,beyond NLP,classification,4000,784,10,431,10,dr,dr:RandProj,knn,0.5675,0.0
mnist_pixels,beyond NLP,classification,4000,784,10,431,10,dr,dr:RandProj,svm,0.6188,0.0
mnist_pixels,beyond NLP,classification,4000,784,10,431,10,dr,dr:ICA,linear,0.765,0.36
mnist_pixels,beyond NLP,classification,4000,784,10,431,10,dr,dr:ICA,knn,0.815,0.36
mnist_pixels,beyond NLP,classification,4000,784,10,431,10,dr,dr:ICA,svm,0.85,0.36
mnist_pixels,beyond NLP,classification,4000,784,10,431,10,dr,dr:KernelPCA,linear,0.7612,0.81
mnist_pixels,beyond NLP,classification,4000,784,10,431,10,dr,dr:KernelPCA,knn,0.8275,0.81
mnist_pixels,beyond NLP,classification,4000,784,10,431,10,dr,dr:KernelPCA,svm,0.8562,0.81
mnist_pixels,beyond NLP,classification,4000,784,10,431,10,dr,dr:Isomap,linear,0.81,1.5
mnist_pixels,beyond NLP,classification,4000,784,10,431,10,dr,dr:Isomap,knn,0.82,1.5
mnist_pixels,beyond NLP,classification,4000,784,10,431,10,dr,dr:Isomap,svm,0.85,1.5
mnist_pixels,beyond NLP,classification,4000,784,10,431,10,dr,dr:UMAP,linear,0.7963,11.99
mnist_pixels,beyond NLP,classification,4000,784,10,431,10,dr,dr:UMAP,knn,0.815,11.99
mnist_pixels,beyond NLP,classification,4000,784,10,431,10,dr,dr:UMAP,svm,0.8175,11.99
mnist_pixels,beyond NLP,classification,4000,784,10,431,10,dr,dr:t-SNE,linear,0.72,85.89
mnist_pixels,beyond NLP,classification,4000,784,10,431,10,dr,dr:t-SNE,knn,0.8063,85.89
mnist_pixels,beyond NLP,classification,4000,784,10,431,10,dr,dr:t-SNE,svm,0.8013,85.89
mnist_pixels,beyond NLP,classification,4000,784,10,431,1,select,select:vote,linear,0.2313,1999.1
mnist_pixels,beyond NLP,classification,4000,784,10,431,1,select,select:vote,knn,0.2213,1999.1
mnist_pixels,beyond NLP,classification,4000,784,10,431,1,select,select:vote,svm,0.2238,1999.1
mnist_pixels,beyond NLP,classification,4000,784,10,431,1,select,select:rf,linear,0.2313,1999.1
mnist_pixels,beyond NLP,classification,4000,784,10,431,1,select,select:rf,knn,0.2213,1999.1
mnist_pixels,beyond NLP,classification,4000,784,10,431,1,select,select:rf,svm,0.2238,1999.1
mnist_pixels,beyond NLP,classification,4000,784,10,431,1,select,select:xg,linear,0.1138,1999.1
mnist_pixels,beyond NLP,classification,4000,784,10,431,1,select,select:xg,knn,0.09,1999.1
mnist_pixels,beyond NLP,classification,4000,784,10,431,1,select,select:xg,svm,0.1138,1999.1
mnist_pixels,beyond NLP,classification,4000,784,10,431,1,select,select:mi,linear,0.2313,1999.1
mnist_pixels,beyond NLP,classification,4000,784,10,431,1,select,select:mi,knn,0.2213,1999.1
mnist_pixels,beyond NLP,classification,4000,784,10,431,1,select,select:mi,svm,0.2238,1999.1
mnist_pixels,beyond NLP,classification,4000,784,10,431,1,select,select:f_test,linear,0.1925,1999.1
mnist_pixels,beyond NLP,classification,4000,784,10,431,1,select,select:f_test,knn,0.1787,1999.1
mnist_pixels,beyond NLP,classification,4000,784,10,431,1,select,select:f_test,svm,0.1925,1999.1
mnist_pixels,beyond NLP,classification,4000,784,10,431,1,select,select:l1,linear,0.1575,1999.1
mnist_pixels,beyond NLP,classification,4000,784,10,431,1,select,select:l1,knn,0.1462,1999.1
mnist_pixels,beyond NLP,classification,4000,784,10,431,1,select,select:l1,svm,0.1638,1999.1
mnist_pixels,beyond NLP,classification,4000,784,10,431,1,dr,dr:PCA,linear,0.2863,0.01
mnist_pixels,beyond NLP,classification,4000,784,10,431,1,dr,dr:PCA,knn,0.2587,0.01
mnist_pixels,beyond NLP,classification,4000,784,10,431,1,dr,dr:PCA,svm,0.2838,0.01
mnist_pixels,beyond NLP,classification,4000,784,10,431,1,dr,dr:RandProj,linear,0.175,0.0
mnist_pixels,beyond NLP,classification,4000,784,10,431,1,dr,dr:RandProj,knn,0.195,0.0
mnist_pixels,beyond NLP,classification,4000,784,10,431,1,dr,dr:RandProj,svm,0.22,0.0
mnist_pixels,beyond NLP,classification,4000,784,10,431,1,dr,dr:ICA,linear,0.2863,0.31
mnist_pixels,beyond NLP,classification,4000,784,10,431,1,dr,dr:ICA,knn,0.2587,0.31
mnist_pixels,beyond NLP,classification,4000,784,10,431,1,dr,dr:ICA,svm,0.2838,0.31
mnist_pixels,beyond NLP,classification,4000,784,10,431,1,dr,dr:KernelPCA,linear,0.21,0.71
mnist_pixels,beyond NLP,classification,4000,784,10,431,1,dr,dr:KernelPCA,knn,0.235,0.71
mnist_pixels,beyond NLP,classification,4000,784,10,431,1,dr,dr:KernelPCA,svm,0.2362,0.71
mnist_pixels,beyond NLP,classification,4000,784,10,431,1,dr,dr:Isomap,linear,0.4338,1.56
mnist_pixels,beyond NLP,classification,4000,784,10,431,1,dr,dr:Isomap,knn,0.4025,1.56
mnist_pixels,beyond NLP,classification,4000,784,10,431,1,dr,dr:Isomap,svm,0.4425,1.56
mnist_pixels,beyond NLP,classification,4000,784,10,431,1,dr,dr:UMAP,linear,0.5913,11.53
mnist_pixels,beyond NLP,classification,4000,784,10,431,1,dr,dr:UMAP,knn,0.7188,11.53
mnist_pixels,beyond NLP,classification,4000,784,10,431,1,dr,dr:UMAP,svm,0.6975,11.53
mnist_pixels,beyond NLP,classification,4000,784,10,431,1,dr,dr:t-SNE,linear,0.5288,0.71
mnist_pixels,beyond NLP,classification,4000,784,10,431,1,dr,dr:t-SNE,knn,0.615,0.71
mnist_pixels,beyond NLP,classification,4000,784,10,431,1,dr,dr:t-SNE,svm,0.5925,0.71
madelon,beyond NLP,classification,2600,500,2,470,500,all,all features,linear,0.5462,0.0
madelon,beyond NLP,classification,2600,500,2,470,500,all,all features,knn,0.5846,0.0
madelon,beyond NLP,classification,2600,500,2,470,500,all,all features,svm,0.5981,0.0
madelon,beyond NLP,classification,2600,500,2,470,470,select,select:vote,linear,0.5404,43.32
madelon,beyond NLP,classification,2600,500,2,470,470,select,select:vote,knn,0.5769,43.32
madelon,beyond NLP,classification,2600,500,2,470,470,select,select:vote,svm,0.6,43.32
madelon,beyond NLP,classification,2600,500,2,470,470,select,select:rf,linear,0.5519,43.32
madelon,beyond NLP,classification,2600,500,2,470,470,select,select:rf,knn,0.5596,43.32
madelon,beyond NLP,classification,2600,500,2,470,470,select,select:rf,svm,0.5788,43.32
madelon,beyond NLP,classification,2600,500,2,470,470,select,select:xg,linear,0.5269,43.32
madelon,beyond NLP,classification,2600,500,2,470,470,select,select:xg,knn,0.5635,43.32
madelon,beyond NLP,classification,2600,500,2,470,470,select,select:xg,svm,0.5769,43.32
madelon,beyond NLP,classification,2600,500,2,470,470,select,select:mi,linear,0.5538,43.32
madelon,beyond NLP,classification,2600,500,2,470,470,select,select:mi,knn,0.5885,43.32
madelon,beyond NLP,classification,2600,500,2,470,470,select,select:mi,svm,0.5865,43.32
madelon,beyond NLP,classification,2600,500,2,470,470,select,select:f_test,linear,0.5385,43.32
madelon,beyond NLP,classification,2600,500,2,470,470,select,select:f_test,knn,0.5519,43.32
madelon,beyond NLP,classification,2600,500,2,470,470,select,select:f_test,svm,0.5942,43.32
madelon,beyond NLP,classification,2600,500,2,470,470,select,select:l1,linear,0.5481,43.32
madelon,beyond NLP,classification,2600,500,2,470,470,select,select:l1,knn,0.575,43.32
madelon,beyond NLP,classification,2600,500,2,470,470,select,select:l1,svm,0.5865,43.32
madelon,beyond NLP,classification,2600,500,2,470,470,dr,dr:PCA,linear,0.55,0.06
madelon,beyond NLP,classification,2600,500,2,470,470,dr,dr:PCA,knn,0.4904,0.06
madelon,beyond NLP,classification,2600,500,2,470,470,dr,dr:PCA,svm,0.5615,0.06
madelon,beyond NLP,classification,2600,500,2,470,470,dr,dr:RandProj,linear,0.5327,0.02
madelon,beyond NLP,classification,2600,500,2,470,470,dr,dr:RandProj,knn,0.5558,0.02
madelon,beyond NLP,classification,2600,500,2,470,470,dr,dr:RandProj,svm,0.5865,0.02
madelon,beyond NLP,classification,2600,500,2,470,235,select,select:vote,linear,0.5635,43.32
madelon,beyond NLP,classification,2600,500,2,470,235,select,select:vote,knn,0.6058,43.32
madelon,beyond NLP,classification,2600,500,2,470,235,select,select:vote,svm,0.6058,43.32
madelon,beyond NLP,classification,2600,500,2,470,235,select,select:rf,linear,0.5808,43.32
madelon,beyond NLP,classification,2600,500,2,470,235,select,select:rf,knn,0.6231,43.32
madelon,beyond NLP,classification,2600,500,2,470,235,select,select:rf,svm,0.6212,43.32
madelon,beyond NLP,classification,2600,500,2,470,235,select,select:xg,linear,0.5712,43.32
madelon,beyond NLP,classification,2600,500,2,470,235,select,select:xg,knn,0.5981,43.32
madelon,beyond NLP,classification,2600,500,2,470,235,select,select:xg,svm,0.6192,43.32
madelon,beyond NLP,classification,2600,500,2,470,235,select,select:mi,linear,0.5615,43.32
madelon,beyond NLP,classification,2600,500,2,470,235,select,select:mi,knn,0.5654,43.32
madelon,beyond NLP,classification,2600,500,2,470,235,select,select:mi,svm,0.5962,43.32
madelon,beyond NLP,classification,2600,500,2,470,235,select,select:f_test,linear,0.5731,43.32
madelon,beyond NLP,classification,2600,500,2,470,235,select,select:f_test,knn,0.5923,43.32
madelon,beyond NLP,classification,2600,500,2,470,235,select,select:f_test,svm,0.5904,43.32
madelon,beyond NLP,classification,2600,500,2,470,235,select,select:l1,linear,0.55,43.32
madelon,beyond NLP,classification,2600,500,2,470,235,select,select:l1,knn,0.5269,43.32
madelon,beyond NLP,classification,2600,500,2,470,235,select,select:l1,svm,0.5731,43.32
madelon,beyond NLP,classification,2600,500,2,470,235,dr,dr:PCA,linear,0.5596,0.39
madelon,beyond NLP,classification,2600,500,2,470,235,dr,dr:PCA,knn,0.5288,0.39
madelon,beyond NLP,classification,2600,500,2,470,235,dr,dr:PCA,svm,0.5577,0.39
madelon,beyond NLP,classification,2600,500,2,470,235,dr,dr:RandProj,linear,0.5365,0.01
madelon,beyond NLP,classification,2600,500,2,470,235,dr,dr:RandProj,knn,0.5269,0.01
madelon,beyond NLP,classification,2600,500,2,470,235,dr,dr:RandProj,svm,0.5808,0.01
madelon,beyond NLP,classification,2600,500,2,470,117,select,select:vote,linear,0.6038,43.32
madelon,beyond NLP,classification,2600,500,2,470,117,select,select:vote,knn,0.675,43.32
madelon,beyond NLP,classification,2600,500,2,470,117,select,select:vote,svm,0.6481,43.32
madelon,beyond NLP,classification,2600,500,2,470,117,select,select:rf,linear,0.6,43.32
madelon,beyond NLP,classification,2600,500,2,470,117,select,select:rf,knn,0.6615,43.32
madelon,beyond NLP,classification,2600,500,2,470,117,select,select:rf,svm,0.6712,43.32
madelon,beyond NLP,classification,2600,500,2,470,117,select,select:xg,linear,0.5731,43.32
madelon,beyond NLP,classification,2600,500,2,470,117,select,select:xg,knn,0.6519,43.32
madelon,beyond NLP,classification,2600,500,2,470,117,select,select:xg,svm,0.6481,43.32
madelon,beyond NLP,classification,2600,500,2,470,117,select,select:mi,linear,0.5904,43.32
madelon,beyond NLP,classification,2600,500,2,470,117,select,select:mi,knn,0.6019,43.32
madelon,beyond NLP,classification,2600,500,2,470,117,select,select:mi,svm,0.6077,43.32
madelon,beyond NLP,classification,2600,500,2,470,117,select,select:f_test,linear,0.5558,43.32
madelon,beyond NLP,classification,2600,500,2,470,117,select,select:f_test,knn,0.6115,43.32
madelon,beyond NLP,classification,2600,500,2,470,117,select,select:f_test,svm,0.5885,43.32
madelon,beyond NLP,classification,2600,500,2,470,117,select,select:l1,linear,0.5673,43.32
madelon,beyond NLP,classification,2600,500,2,470,117,select,select:l1,knn,0.5135,43.32
madelon,beyond NLP,classification,2600,500,2,470,117,select,select:l1,svm,0.5712,43.32
madelon,beyond NLP,classification,2600,500,2,470,117,dr,dr:PCA,linear,0.6038,0.26
madelon,beyond NLP,classification,2600,500,2,470,117,dr,dr:PCA,knn,0.525,0.26
madelon,beyond NLP,classification,2600,500,2,470,117,dr,dr:PCA,svm,0.5981,0.26
madelon,beyond NLP,classification,2600,500,2,470,117,dr,dr:RandProj,linear,0.575,0.02
madelon,beyond NLP,classification,2600,500,2,470,117,dr,dr:RandProj,knn,0.4923,0.02
madelon,beyond NLP,classification,2600,500,2,470,117,dr,dr:RandProj,svm,0.5885,0.02
madelon,beyond NLP,classification,2600,500,2,470,10,select,select:vote,linear,0.6385,43.32
madelon,beyond NLP,classification,2600,500,2,470,10,select,select:vote,knn,0.8519,43.32
madelon,beyond NLP,classification,2600,500,2,470,10,select,select:vote,svm,0.8288,43.32
madelon,beyond NLP,classification,2600,500,2,470,10,select,select:rf,linear,0.6404,43.32
madelon,beyond NLP,classification,2600,500,2,470,10,select,select:rf,knn,0.8712,43.32
madelon,beyond NLP,classification,2600,500,2,470,10,select,select:rf,svm,0.8577,43.32
madelon,beyond NLP,classification,2600,500,2,470,10,select,select:xg,linear,0.6404,43.32
madelon,beyond NLP,classification,2600,500,2,470,10,select,select:xg,knn,0.9019,43.32
madelon,beyond NLP,classification,2600,500,2,470,10,select,select:xg,svm,0.8481,43.32
madelon,beyond NLP,classification,2600,500,2,470,10,select,select:mi,linear,0.6231,43.32
madelon,beyond NLP,classification,2600,500,2,470,10,select,select:mi,knn,0.5442,43.32
madelon,beyond NLP,classification,2600,500,2,470,10,select,select:mi,svm,0.6269,43.32
madelon,beyond NLP,classification,2600,500,2,470,10,select,select:f_test,linear,0.6327,43.32
madelon,beyond NLP,classification,2600,500,2,470,10,select,select:f_test,knn,0.7904,43.32
madelon,beyond NLP,classification,2600,500,2,470,10,select,select:f_test,svm,0.7519,43.32
madelon,beyond NLP,classification,2600,500,2,470,10,select,select:l1,linear,0.5904,43.32
madelon,beyond NLP,classification,2600,500,2,470,10,select,select:l1,knn,0.5788,43.32
madelon,beyond NLP,classification,2600,500,2,470,10,select,select:l1,svm,0.5981,43.32
madelon,beyond NLP,classification,2600,500,2,470,10,dr,dr:PCA,linear,0.6385,0.01
madelon,beyond NLP,classification,2600,500,2,470,10,dr,dr:PCA,knn,0.7519,0.01
madelon,beyond NLP,classification,2600,500,2,470,10,dr,dr:PCA,svm,0.75,0.01
madelon,beyond NLP,classification,2600,500,2,470,10,dr,dr:RandProj,linear,0.5327,0.0
madelon,beyond NLP,classification,2600,500,2,470,10,dr,dr:RandProj,knn,0.5192,0.0
madelon,beyond NLP,classification,2600,500,2,470,10,dr,dr:RandProj,svm,0.5115,0.0
madelon,beyond NLP,classification,2600,500,2,470,10,dr,dr:ICA,linear,0.65,0.39
madelon,beyond NLP,classification,2600,500,2,470,10,dr,dr:ICA,knn,0.75,0.39
madelon,beyond NLP,classification,2600,500,2,470,10,dr,dr:ICA,svm,0.7481,0.39
madelon,beyond NLP,classification,2600,500,2,470,10,dr,dr:KernelPCA,linear,0.6462,0.4
madelon,beyond NLP,classification,2600,500,2,470,10,dr,dr:KernelPCA,knn,0.7385,0.4
madelon,beyond NLP,classification,2600,500,2,470,10,dr,dr:KernelPCA,svm,0.7423,0.4
madelon,beyond NLP,classification,2600,500,2,470,10,dr,dr:Isomap,linear,0.5231,0.71
madelon,beyond NLP,classification,2600,500,2,470,10,dr,dr:Isomap,knn,0.4942,0.71
madelon,beyond NLP,classification,2600,500,2,470,10,dr,dr:Isomap,svm,0.5346,0.71
madelon,beyond NLP,classification,2600,500,2,470,10,dr,dr:UMAP,linear,0.5519,6.25
madelon,beyond NLP,classification,2600,500,2,470,10,dr,dr:UMAP,knn,0.5904,6.25
madelon,beyond NLP,classification,2600,500,2,470,10,dr,dr:UMAP,svm,0.5692,6.25
madelon,beyond NLP,classification,2600,500,2,470,10,dr,dr:t-SNE,linear,0.5058,35.42
madelon,beyond NLP,classification,2600,500,2,470,10,dr,dr:t-SNE,knn,0.5173,35.42
madelon,beyond NLP,classification,2600,500,2,470,10,dr,dr:t-SNE,svm,0.5308,35.42
madelon,beyond NLP,classification,2600,500,2,470,1,select,select:vote,linear,0.6385,43.32
madelon,beyond NLP,classification,2600,500,2,470,1,select,select:vote,knn,0.5712,43.32
madelon,beyond NLP,classification,2600,500,2,470,1,select,select:vote,svm,0.6346,43.32
madelon,beyond NLP,classification,2600,500,2,470,1,select,select:rf,linear,0.5885,43.32
madelon,beyond NLP,classification,2600,500,2,470,1,select,select:rf,knn,0.5404,43.32
madelon,beyond NLP,classification,2600,500,2,470,1,select,select:rf,svm,0.6212,43.32
madelon,beyond NLP,classification,2600,500,2,470,1,select,select:xg,linear,0.4577,43.32
madelon,beyond NLP,classification,2600,500,2,470,1,select,select:xg,knn,0.4962,43.32
madelon,beyond NLP,classification,2600,500,2,470,1,select,select:xg,svm,0.4962,43.32
madelon,beyond NLP,classification,2600,500,2,470,1,select,select:mi,linear,0.5173,43.32
madelon,beyond NLP,classification,2600,500,2,470,1,select,select:mi,knn,0.5173,43.32
madelon,beyond NLP,classification,2600,500,2,470,1,select,select:mi,svm,0.5346,43.32
madelon,beyond NLP,classification,2600,500,2,470,1,select,select:f_test,linear,0.6385,43.32
madelon,beyond NLP,classification,2600,500,2,470,1,select,select:f_test,knn,0.5712,43.32
madelon,beyond NLP,classification,2600,500,2,470,1,select,select:f_test,svm,0.6346,43.32
madelon,beyond NLP,classification,2600,500,2,470,1,select,select:l1,linear,0.6385,43.32
madelon,beyond NLP,classification,2600,500,2,470,1,select,select:l1,knn,0.5712,43.32
madelon,beyond NLP,classification,2600,500,2,470,1,select,select:l1,svm,0.6346,43.32
madelon,beyond NLP,classification,2600,500,2,470,1,dr,dr:PCA,linear,0.6154,0.01
madelon,beyond NLP,classification,2600,500,2,470,1,dr,dr:PCA,knn,0.5673,0.01
madelon,beyond NLP,classification,2600,500,2,470,1,dr,dr:PCA,svm,0.6635,0.01
madelon,beyond NLP,classification,2600,500,2,470,1,dr,dr:RandProj,linear,0.5269,0.0
madelon,beyond NLP,classification,2600,500,2,470,1,dr,dr:RandProj,knn,0.475,0.0
madelon,beyond NLP,classification,2600,500,2,470,1,dr,dr:RandProj,svm,0.525,0.0
madelon,beyond NLP,classification,2600,500,2,470,1,dr,dr:ICA,linear,0.6154,0.19
madelon,beyond NLP,classification,2600,500,2,470,1,dr,dr:ICA,knn,0.5673,0.19
madelon,beyond NLP,classification,2600,500,2,470,1,dr,dr:ICA,svm,0.6635,0.19
madelon,beyond NLP,classification,2600,500,2,470,1,dr,dr:KernelPCA,linear,0.6135,0.45
madelon,beyond NLP,classification,2600,500,2,470,1,dr,dr:KernelPCA,knn,0.6019,0.45
madelon,beyond NLP,classification,2600,500,2,470,1,dr,dr:KernelPCA,svm,0.6538,0.45
madelon,beyond NLP,classification,2600,500,2,470,1,dr,dr:Isomap,linear,0.4635,0.91
madelon,beyond NLP,classification,2600,500,2,470,1,dr,dr:Isomap,knn,0.4885,0.91
madelon,beyond NLP,classification,2600,500,2,470,1,dr,dr:Isomap,svm,0.5135,0.91
madelon,beyond NLP,classification,2600,500,2,470,1,dr,dr:UMAP,linear,0.4846,5.72
madelon,beyond NLP,classification,2600,500,2,470,1,dr,dr:UMAP,knn,0.5038,5.72
madelon,beyond NLP,classification,2600,500,2,470,1,dr,dr:UMAP,svm,0.5,5.72
madelon,beyond NLP,classification,2600,500,2,470,1,dr,dr:t-SNE,linear,0.5442,0.57
madelon,beyond NLP,classification,2600,500,2,470,1,dr,dr:t-SNE,knn,0.5231,0.57
madelon,beyond NLP,classification,2600,500,2,470,1,dr,dr:t-SNE,svm,0.5442,0.57
bioresponse,beyond NLP,classification,3751,1776,2,819,1776,all,all features,linear,0.731,0.0
bioresponse,beyond NLP,classification,3751,1776,2,819,1776,all,all features,knn,0.735,0.0
bioresponse,beyond NLP,classification,3751,1776,2,819,1776,all,all features,svm,0.7643,0.0
bioresponse,beyond NLP,classification,3751,1776,2,819,819,select,select:vote,linear,0.7164,196.49
bioresponse,beyond NLP,classification,3751,1776,2,819,819,select,select:vote,knn,0.755,196.49
bioresponse,beyond NLP,classification,3751,1776,2,819,819,select,select:vote,svm,0.7776,196.49
bioresponse,beyond NLP,classification,3751,1776,2,819,819,select,select:rf,linear,0.7244,196.49
bioresponse,beyond NLP,classification,3751,1776,2,819,819,select,select:rf,knn,0.751,196.49
bioresponse,beyond NLP,classification,3751,1776,2,819,819,select,select:rf,svm,0.775,196.49
bioresponse,beyond NLP,classification,3751,1776,2,819,819,select,select:xg,linear,0.7337,196.49
bioresponse,beyond NLP,classification,3751,1776,2,819,819,select,select:xg,knn,0.743,196.49
bioresponse,beyond NLP,classification,3751,1776,2,819,819,select,select:xg,svm,0.7763,196.49
bioresponse,beyond NLP,classification,3751,1776,2,819,819,select,select:mi,linear,0.719,196.49
bioresponse,beyond NLP,classification,3751,1776,2,819,819,select,select:mi,knn,0.767,196.49
bioresponse,beyond NLP,classification,3751,1776,2,819,819,select,select:mi,svm,0.767,196.49
bioresponse,beyond NLP,classification,3751,1776,2,819,819,select,select:f_test,linear,0.7284,196.49
bioresponse,beyond NLP,classification,3751,1776,2,819,819,select,select:f_test,knn,0.7523,196.49
bioresponse,beyond NLP,classification,3751,1776,2,819,819,select,select:f_test,svm,0.771,196.49
bioresponse,beyond NLP,classification,3751,1776,2,819,819,select,select:l1,linear,0.7337,196.49
bioresponse,beyond NLP,classification,3751,1776,2,819,819,select,select:l1,knn,0.735,196.49
bioresponse,beyond NLP,classification,3751,1776,2,819,819,select,select:l1,svm,0.7723,196.49
bioresponse,beyond NLP,classification,3751,1776,2,819,819,dr,dr:PCA,linear,0.7284,2.42
bioresponse,beyond NLP,classification,3751,1776,2,819,819,dr,dr:PCA,knn,0.6724,2.42
bioresponse,beyond NLP,classification,3751,1776,2,819,819,dr,dr:PCA,svm,0.7537,2.42
bioresponse,beyond NLP,classification,3751,1776,2,819,819,dr,dr:RandProj,linear,0.7417,0.03
bioresponse,beyond NLP,classification,3751,1776,2,819,819,dr,dr:RandProj,knn,0.7364,0.03
bioresponse,beyond NLP,classification,3751,1776,2,819,819,dr,dr:RandProj,svm,0.7723,0.03
bioresponse,beyond NLP,classification,3751,1776,2,819,409,select,select:vote,linear,0.7443,196.49
bioresponse,beyond NLP,classification,3751,1776,2,819,409,select,select:vote,knn,0.7643,196.49
bioresponse,beyond NLP,classification,3751,1776,2,819,409,select,select:vote,svm,0.771,196.49
bioresponse,beyond NLP,classification,3751,1776,2,819,409,select,select:rf,linear,0.7523,196.49
bioresponse,beyond NLP,classification,3751,1776,2,819,409,select,select:rf,knn,0.7403,196.49
bioresponse,beyond NLP,classification,3751,1776,2,819,409,select,select:rf,svm,0.7816,196.49
bioresponse,beyond NLP,classification,3751,1776,2,819,409,select,select:xg,linear,0.735,196.49
bioresponse,beyond NLP,classification,3751,1776,2,819,409,select,select:xg,knn,0.747,196.49
bioresponse,beyond NLP,classification,3751,1776,2,819,409,select,select:xg,svm,0.779,196.49
bioresponse,beyond NLP,classification,3751,1776,2,819,409,select,select:mi,linear,0.7337,196.49
bioresponse,beyond NLP,classification,3751,1776,2,819,409,select,select:mi,knn,0.7563,196.49
bioresponse,beyond NLP,classification,3751,1776,2,819,409,select,select:mi,svm,0.7723,196.49
bioresponse,beyond NLP,classification,3751,1776,2,819,409,select,select:f_test,linear,0.735,196.49
bioresponse,beyond NLP,classification,3751,1776,2,819,409,select,select:f_test,knn,0.7457,196.49
bioresponse,beyond NLP,classification,3751,1776,2,819,409,select,select:f_test,svm,0.7643,196.49
bioresponse,beyond NLP,classification,3751,1776,2,819,409,select,select:l1,linear,0.731,196.49
bioresponse,beyond NLP,classification,3751,1776,2,819,409,select,select:l1,knn,0.739,196.49
bioresponse,beyond NLP,classification,3751,1776,2,819,409,select,select:l1,svm,0.7603,196.49
bioresponse,beyond NLP,classification,3751,1776,2,819,409,dr,dr:PCA,linear,0.731,1.23
bioresponse,beyond NLP,classification,3751,1776,2,819,409,dr,dr:PCA,knn,0.6897,1.23
bioresponse,beyond NLP,classification,3751,1776,2,819,409,dr,dr:PCA,svm,0.7723,1.23
bioresponse,beyond NLP,classification,3751,1776,2,819,409,dr,dr:RandProj,linear,0.7137,0.02
bioresponse,beyond NLP,classification,3751,1776,2,819,409,dr,dr:RandProj,knn,0.7443,0.02
bioresponse,beyond NLP,classification,3751,1776,2,819,409,dr,dr:RandProj,svm,0.7683,0.02
bioresponse,beyond NLP,classification,3751,1776,2,819,204,select,select:vote,linear,0.747,196.49
bioresponse,beyond NLP,classification,3751,1776,2,819,204,select,select:vote,knn,0.767,196.49
bioresponse,beyond NLP,classification,3751,1776,2,819,204,select,select:vote,svm,0.7696,196.49
bioresponse,beyond NLP,classification,3751,1776,2,819,204,select,select:rf,linear,0.7457,196.49
bioresponse,beyond NLP,classification,3751,1776,2,819,204,select,select:rf,knn,0.7643,196.49
bioresponse,beyond NLP,classification,3751,1776,2,819,204,select,select:rf,svm,0.7776,196.49
bioresponse,beyond NLP,classification,3751,1776,2,819,204,select,select:xg,linear,0.7257,196.49
bioresponse,beyond NLP,classification,3751,1776,2,819,204,select,select:xg,knn,0.7457,196.49
bioresponse,beyond NLP,classification,3751,1776,2,819,204,select,select:xg,svm,0.763,196.49
bioresponse,beyond NLP,classification,3751,1776,2,819,204,select,select:mi,linear,0.723,196.49
bioresponse,beyond NLP,classification,3751,1776,2,819,204,select,select:mi,knn,0.7403,196.49
bioresponse,beyond NLP,classification,3751,1776,2,819,204,select,select:mi,svm,0.7736,196.49
bioresponse,beyond NLP,classification,3751,1776,2,819,204,select,select:f_test,linear,0.7364,196.49
bioresponse,beyond NLP,classification,3751,1776,2,819,204,select,select:f_test,knn,0.743,196.49
bioresponse,beyond NLP,classification,3751,1776,2,819,204,select,select:f_test,svm,0.7656,196.49
bioresponse,beyond NLP,classification,3751,1776,2,819,204,select,select:l1,linear,0.751,196.49
bioresponse,beyond NLP,classification,3751,1776,2,819,204,select,select:l1,knn,0.759,196.49
bioresponse,beyond NLP,classification,3751,1776,2,819,204,select,select:l1,svm,0.7736,196.49
bioresponse,beyond NLP,classification,3751,1776,2,819,204,dr,dr:PCA,linear,0.747,0.89
bioresponse,beyond NLP,classification,3751,1776,2,819,204,dr,dr:PCA,knn,0.7257,0.89
bioresponse,beyond NLP,classification,3751,1776,2,819,204,dr,dr:PCA,svm,0.7617,0.89
bioresponse,beyond NLP,classification,3751,1776,2,819,204,dr,dr:RandProj,linear,0.7004,0.01
bioresponse,beyond NLP,classification,3751,1776,2,819,204,dr,dr:RandProj,knn,0.7364,0.01
bioresponse,beyond NLP,classification,3751,1776,2,819,204,dr,dr:RandProj,svm,0.7497,0.01
bioresponse,beyond NLP,classification,3751,1776,2,819,10,select,select:vote,linear,0.7297,196.49
bioresponse,beyond NLP,classification,3751,1776,2,819,10,select,select:vote,knn,0.7377,196.49
bioresponse,beyond NLP,classification,3751,1776,2,819,10,select,select:vote,svm,0.7403,196.49
bioresponse,beyond NLP,classification,3751,1776,2,819,10,select,select:rf,linear,0.7177,196.49
bioresponse,beyond NLP,classification,3751,1776,2,819,10,select,select:rf,knn,0.7324,196.49
bioresponse,beyond NLP,classification,3751,1776,2,819,10,select,select:rf,svm,0.7337,196.49
bioresponse,beyond NLP,classification,3751,1776,2,819,10,select,select:xg,linear,0.735,196.49
bioresponse,beyond NLP,classification,3751,1776,2,819,10,select,select:xg,knn,0.719,196.49
bioresponse,beyond NLP,classification,3751,1776,2,819,10,select,select:xg,svm,0.7337,196.49
bioresponse,beyond NLP,classification,3751,1776,2,819,10,select,select:mi,linear,0.7137,196.49
bioresponse,beyond NLP,classification,3751,1776,2,819,10,select,select:mi,knn,0.735,196.49
bioresponse,beyond NLP,classification,3751,1776,2,819,10,select,select:mi,svm,0.727,196.49
bioresponse,beyond NLP,classification,3751,1776,2,819,10,select,select:f_test,linear,0.7204,196.49
bioresponse,beyond NLP,classification,3751,1776,2,819,10,select,select:f_test,knn,0.727,196.49
bioresponse,beyond NLP,classification,3751,1776,2,819,10,select,select:f_test,svm,0.731,196.49
bioresponse,beyond NLP,classification,3751,1776,2,819,10,select,select:l1,linear,0.7324,196.49
bioresponse,beyond NLP,classification,3751,1776,2,819,10,select,select:l1,knn,0.7257,196.49
bioresponse,beyond NLP,classification,3751,1776,2,819,10,select,select:l1,svm,0.7364,196.49
bioresponse,beyond NLP,classification,3751,1776,2,819,10,dr,dr:PCA,linear,0.6418,0.02
bioresponse,beyond NLP,classification,3751,1776,2,819,10,dr,dr:PCA,knn,0.723,0.02
bioresponse,beyond NLP,classification,3751,1776,2,819,10,dr,dr:PCA,svm,0.6791,0.02
bioresponse,beyond NLP,classification,3751,1776,2,819,10,dr,dr:RandProj,linear,0.5672,0.0
bioresponse,beyond NLP,classification,3751,1776,2,819,10,dr,dr:RandProj,knn,0.6205,0.0
bioresponse,beyond NLP,classification,3751,1776,2,819,10,dr,dr:RandProj,svm,0.6005,0.0
bioresponse,beyond NLP,classification,3751,1776,2,819,10,dr,dr:ICA,linear,0.6418,0.52
bioresponse,beyond NLP,classification,3751,1776,2,819,10,dr,dr:ICA,knn,0.7217,0.52
bioresponse,beyond NLP,classification,3751,1776,2,819,10,dr,dr:ICA,svm,0.6791,0.52
bioresponse,beyond NLP,classification,3751,1776,2,819,10,dr,dr:KernelPCA,linear,0.6471,0.81
bioresponse,beyond NLP,classification,3751,1776,2,819,10,dr,dr:KernelPCA,knn,0.7044,0.81
bioresponse,beyond NLP,classification,3751,1776,2,819,10,dr,dr:KernelPCA,svm,0.7004,0.81
bioresponse,beyond NLP,classification,3751,1776,2,819,10,dr,dr:Isomap,linear,0.5885,1.44
bioresponse,beyond NLP,classification,3751,1776,2,819,10,dr,dr:Isomap,knn,0.6831,1.44
bioresponse,beyond NLP,classification,3751,1776,2,819,10,dr,dr:Isomap,svm,0.6738,1.44
bioresponse,beyond NLP,classification,3751,1776,2,819,10,dr,dr:UMAP,linear,0.5752,12.34
bioresponse,beyond NLP,classification,3751,1776,2,819,10,dr,dr:UMAP,knn,0.7057,12.34
bioresponse,beyond NLP,classification,3751,1776,2,819,10,dr,dr:UMAP,svm,0.6605,12.34
bioresponse,beyond NLP,classification,3751,1776,2,819,10,dr,dr:t-SNE,linear,0.5885,77.21
bioresponse,beyond NLP,classification,3751,1776,2,819,10,dr,dr:t-SNE,knn,0.715,77.21
bioresponse,beyond NLP,classification,3751,1776,2,819,10,dr,dr:t-SNE,svm,0.7017,77.21
bioresponse,beyond NLP,classification,3751,1776,2,819,1,select,select:vote,linear,0.7124,196.49
bioresponse,beyond NLP,classification,3751,1776,2,819,1,select,select:vote,knn,0.7124,196.49
bioresponse,beyond NLP,classification,3751,1776,2,819,1,select,select:vote,svm,0.7124,196.49
bioresponse,beyond NLP,classification,3751,1776,2,819,1,select,select:rf,linear,0.7124,196.49
bioresponse,beyond NLP,classification,3751,1776,2,819,1,select,select:rf,knn,0.7124,196.49
bioresponse,beyond NLP,classification,3751,1776,2,819,1,select,select:rf,svm,0.7124,196.49
bioresponse,beyond NLP,classification,3751,1776,2,819,1,select,select:xg,linear,0.7124,196.49
bioresponse,beyond NLP,classification,3751,1776,2,819,1,select,select:xg,knn,0.7124,196.49
bioresponse,beyond NLP,classification,3751,1776,2,819,1,select,select:xg,svm,0.7124,196.49
bioresponse,beyond NLP,classification,3751,1776,2,819,1,select,select:mi,linear,0.7124,196.49
bioresponse,beyond NLP,classification,3751,1776,2,819,1,select,select:mi,knn,0.7124,196.49
bioresponse,beyond NLP,classification,3751,1776,2,819,1,select,select:mi,svm,0.7124,196.49
bioresponse,beyond NLP,classification,3751,1776,2,819,1,select,select:f_test,linear,0.7124,196.49
bioresponse,beyond NLP,classification,3751,1776,2,819,1,select,select:f_test,knn,0.7124,196.49
bioresponse,beyond NLP,classification,3751,1776,2,819,1,select,select:f_test,svm,0.7124,196.49
bioresponse,beyond NLP,classification,3751,1776,2,819,1,select,select:l1,linear,0.7124,196.49
bioresponse,beyond NLP,classification,3751,1776,2,819,1,select,select:l1,knn,0.7124,196.49
bioresponse,beyond NLP,classification,3751,1776,2,819,1,select,select:l1,svm,0.7124,196.49
bioresponse,beyond NLP,classification,3751,1776,2,819,1,dr,dr:PCA,linear,0.5419,0.02
bioresponse,beyond NLP,classification,3751,1776,2,819,1,dr,dr:PCA,knn,0.534,0.02
bioresponse,beyond NLP,classification,3751,1776,2,819,1,dr,dr:PCA,svm,0.5646,0.02
bioresponse,beyond NLP,classification,3751,1776,2,819,1,dr,dr:RandProj,linear,0.5433,0.01
bioresponse,beyond NLP,classification,3751,1776,2,819,1,dr,dr:RandProj,knn,0.494,0.01
bioresponse,beyond NLP,classification,3751,1776,2,819,1,dr,dr:RandProj,svm,0.5433,0.01
bioresponse,beyond NLP,classification,3751,1776,2,819,1,dr,dr:ICA,linear,0.5419,0.49
bioresponse,beyond NLP,classification,3751,1776,2,819,1,dr,dr:ICA,knn,0.534,0.49
bioresponse,beyond NLP,classification,3751,1776,2,819,1,dr,dr:ICA,svm,0.5646,0.49
bioresponse,beyond NLP,classification,3751,1776,2,819,1,dr,dr:KernelPCA,linear,0.5419,0.77
bioresponse,beyond NLP,classification,3751,1776,2,819,1,dr,dr:KernelPCA,knn,0.5286,0.77
bioresponse,beyond NLP,classification,3751,1776,2,819,1,dr,dr:KernelPCA,svm,0.5473,0.77
bioresponse,beyond NLP,classification,3751,1776,2,819,1,dr,dr:Isomap,linear,0.5419,1.64
bioresponse,beyond NLP,classification,3751,1776,2,819,1,dr,dr:Isomap,knn,0.494,1.64
bioresponse,beyond NLP,classification,3751,1776,2,819,1,dr,dr:Isomap,svm,0.5433,1.64
bioresponse,beyond NLP,classification,3751,1776,2,819,1,dr,dr:UMAP,linear,0.522,11.76
bioresponse,beyond NLP,classification,3751,1776,2,819,1,dr,dr:UMAP,knn,0.6738,11.76
bioresponse,beyond NLP,classification,3751,1776,2,819,1,dr,dr:UMAP,svm,0.6072,11.76
bioresponse,beyond NLP,classification,3751,1776,2,819,1,dr,dr:t-SNE,linear,0.6072,0.76
bioresponse,beyond NLP,classification,3751,1776,2,819,1,dr,dr:t-SNE,knn,0.6671,0.76
bioresponse,beyond NLP,classification,3751,1776,2,819,1,dr,dr:t-SNE,svm,0.6045,0.76
har_sensors,beyond NLP,classification,4000,561,6,178,561,all,all features,linear,0.9688,0.0
har_sensors,beyond NLP,classification,4000,561,6,178,561,all,all features,knn,0.9363,0.0
har_sensors,beyond NLP,classification,4000,561,6,178,561,all,all features,svm,0.9663,0.0
har_sensors,beyond NLP,classification,4000,561,6,178,178,select,select:vote,linear,0.965,979.21
har_sensors,beyond NLP,classification,4000,561,6,178,178,select,select:vote,knn,0.9413,979.21
har_sensors,beyond NLP,classification,4000,561,6,178,178,select,select:vote,svm,0.9537,979.21
har_sensors,beyond NLP,classification,4000,561,6,178,178,select,select:rf,linear,0.9613,979.21
har_sensors,beyond NLP,classification,4000,561,6,178,178,select,select:rf,knn,0.9375,979.21
har_sensors,beyond NLP,classification,4000,561,6,178,178,select,select:rf,svm,0.955,979.21
har_sensors,beyond NLP,classification,4000,561,6,178,178,select,select:xg,linear,0.9762,979.21
har_sensors,beyond NLP,classification,4000,561,6,178,178,select,select:xg,knn,0.955,979.21
har_sensors,beyond NLP,classification,4000,561,6,178,178,select,select:xg,svm,0.9575,979.21
har_sensors,beyond NLP,classification,4000,561,6,178,178,select,select:mi,linear,0.96,979.21
har_sensors,beyond NLP,classification,4000,561,6,178,178,select,select:mi,knn,0.9563,979.21
har_sensors,beyond NLP,classification,4000,561,6,178,178,select,select:mi,svm,0.935,979.21
har_sensors,beyond NLP,classification,4000,561,6,178,178,select,select:f_test,linear,0.9575,979.21
har_sensors,beyond NLP,classification,4000,561,6,178,178,select,select:f_test,knn,0.9213,979.21
har_sensors,beyond NLP,classification,4000,561,6,178,178,select,select:f_test,svm,0.8938,979.21
har_sensors,beyond NLP,classification,4000,561,6,178,178,select,select:l1,linear,0.97,979.21
har_sensors,beyond NLP,classification,4000,561,6,178,178,select,select:l1,knn,0.9487,979.21
har_sensors,beyond NLP,classification,4000,561,6,178,178,select,select:l1,svm,0.9675,979.21
har_sensors,beyond NLP,classification,4000,561,6,178,178,dr,dr:PCA,linear,0.9525,0.3
har_sensors,beyond NLP,classification,4000,561,6,178,178,dr,dr:PCA,knn,0.7075,0.3
har_sensors,beyond NLP,classification,4000,561,6,178,178,dr,dr:PCA,svm,0.9313,0.3
har_sensors,beyond NLP,classification,4000,561,6,178,178,dr,dr:RandProj,linear,0.9575,0.02
har_sensors,beyond NLP,classification,4000,561,6,178,178,dr,dr:RandProj,knn,0.9287,0.02
har_sensors,beyond NLP,classification,4000,561,6,178,178,dr,dr:RandProj,svm,0.9563,0.02
har_sensors,beyond NLP,classification,4000,561,6,178,89,select,select:vote,linear,0.9525,979.21
har_sensors,beyond NLP,classification,4000,561,6,178,89,select,select:vote,knn,0.9325,979.21
har_sensors,beyond NLP,classification,4000,561,6,178,89,select,select:vote,svm,0.9337,979.21
har_sensors,beyond NLP,classification,4000,561,6,178,89,select,select:rf,linear,0.9513,979.21
har_sensors,beyond NLP,classification,4000,561,6,178,89,select,select:rf,knn,0.9275,979.21
har_sensors,beyond NLP,classification,4000,561,6,178,89,select,select:rf,svm,0.94,979.21
har_sensors,beyond NLP,classification,4000,561,6,178,89,select,select:xg,linear,0.9387,979.21
har_sensors,beyond NLP,classification,4000,561,6,178,89,select,select:xg,knn,0.935,979.21
har_sensors,beyond NLP,classification,4000,561,6,178,89,select,select:xg,svm,0.9325,979.21
har_sensors,beyond NLP,classification,4000,561,6,178,89,select,select:mi,linear,0.9175,979.21
har_sensors,beyond NLP,classification,4000,561,6,178,89,select,select:mi,knn,0.9113,979.21
har_sensors,beyond NLP,classification,4000,561,6,178,89,select,select:mi,svm,0.8925,979.21
har_sensors,beyond NLP,classification,4000,561,6,178,89,select,select:f_test,linear,0.9463,979.21
har_sensors,beyond NLP,classification,4000,561,6,178,89,select,select:f_test,knn,0.9275,979.21
har_sensors,beyond NLP,classification,4000,561,6,178,89,select,select:f_test,svm,0.8962,979.21
har_sensors,beyond NLP,classification,4000,561,6,178,89,select,select:l1,linear,0.96,979.21
har_sensors,beyond NLP,classification,4000,561,6,178,89,select,select:l1,knn,0.9487,979.21
har_sensors,beyond NLP,classification,4000,561,6,178,89,select,select:l1,svm,0.9613,979.21
har_sensors,beyond NLP,classification,4000,561,6,178,89,dr,dr:PCA,linear,0.9563,0.18
har_sensors,beyond NLP,classification,4000,561,6,178,89,dr,dr:PCA,knn,0.8488,0.18
har_sensors,beyond NLP,classification,4000,561,6,178,89,dr,dr:PCA,svm,0.9513,0.18
har_sensors,beyond NLP,classification,4000,561,6,178,89,dr,dr:RandProj,linear,0.9463,0.01
har_sensors,beyond NLP,classification,4000,561,6,178,89,dr,dr:RandProj,knn,0.9113,0.01
har_sensors,beyond NLP,classification,4000,561,6,178,89,dr,dr:RandProj,svm,0.9475,0.01
har_sensors,beyond NLP,classification,4000,561,6,178,89,dr,dr:ICA,linear,0.9563,0.57
har_sensors,beyond NLP,classification,4000,561,6,178,89,dr,dr:ICA,knn,0.825,0.57
har_sensors,beyond NLP,classification,4000,561,6,178,89,dr,dr:ICA,svm,0.9487,0.57
har_sensors,beyond NLP,classification,4000,561,6,178,89,dr,dr:KernelPCA,linear,0.9575,0.82
har_sensors,beyond NLP,classification,4000,561,6,178,89,dr,dr:KernelPCA,knn,0.9237,0.82
har_sensors,beyond NLP,classification,4000,561,6,178,89,dr,dr:KernelPCA,svm,0.9663,0.82
har_sensors,beyond NLP,classification,4000,561,6,178,89,dr,dr:Isomap,linear,0.8962,1.5
har_sensors,beyond NLP,classification,4000,561,6,178,89,dr,dr:Isomap,knn,0.8725,1.5
har_sensors,beyond NLP,classification,4000,561,6,178,89,dr,dr:Isomap,svm,0.9012,1.5
har_sensors,beyond NLP,classification,4000,561,6,178,89,dr,dr:UMAP,linear,0.8825,16.95
har_sensors,beyond NLP,classification,4000,561,6,178,89,dr,dr:UMAP,knn,0.8762,16.95
har_sensors,beyond NLP,classification,4000,561,6,178,89,dr,dr:UMAP,svm,0.8938,16.95
har_sensors,beyond NLP,classification,4000,561,6,178,44,select,select:vote,linear,0.9213,979.21
har_sensors,beyond NLP,classification,4000,561,6,178,44,select,select:vote,knn,0.9263,979.21
har_sensors,beyond NLP,classification,4000,561,6,178,44,select,select:vote,svm,0.9287,979.21
har_sensors,beyond NLP,classification,4000,561,6,178,44,select,select:rf,linear,0.9237,979.21
har_sensors,beyond NLP,classification,4000,561,6,178,44,select,select:rf,knn,0.9137,979.21
har_sensors,beyond NLP,classification,4000,561,6,178,44,select,select:rf,svm,0.9175,979.21
har_sensors,beyond NLP,classification,4000,561,6,178,44,select,select:xg,linear,0.9275,979.21
har_sensors,beyond NLP,classification,4000,561,6,178,44,select,select:xg,knn,0.9213,979.21
har_sensors,beyond NLP,classification,4000,561,6,178,44,select,select:xg,svm,0.925,979.21
har_sensors,beyond NLP,classification,4000,561,6,178,44,select,select:mi,linear,0.8838,979.21
har_sensors,beyond NLP,classification,4000,561,6,178,44,select,select:mi,knn,0.89,979.21
har_sensors,beyond NLP,classification,4000,561,6,178,44,select,select:mi,svm,0.8775,979.21
har_sensors,beyond NLP,classification,4000,561,6,178,44,select,select:f_test,linear,0.9175,979.21
har_sensors,beyond NLP,classification,4000,561,6,178,44,select,select:f_test,knn,0.8775,979.21
har_sensors,beyond NLP,classification,4000,561,6,178,44,select,select:f_test,svm,0.8488,979.21
har_sensors,beyond NLP,classification,4000,561,6,178,44,select,select:l1,linear,0.955,979.21
har_sensors,beyond NLP,classification,4000,561,6,178,44,select,select:l1,knn,0.9325,979.21
har_sensors,beyond NLP,classification,4000,561,6,178,44,select,select:l1,svm,0.9525,979.21
har_sensors,beyond NLP,classification,4000,561,6,178,44,dr,dr:PCA,linear,0.9325,0.06
har_sensors,beyond NLP,classification,4000,561,6,178,44,dr,dr:PCA,knn,0.8725,0.06
har_sensors,beyond NLP,classification,4000,561,6,178,44,dr,dr:PCA,svm,0.9287,0.06
har_sensors,beyond NLP,classification,4000,561,6,178,44,dr,dr:RandProj,linear,0.9025,0.0
har_sensors,beyond NLP,classification,4000,561,6,178,44,dr,dr:RandProj,knn,0.8775,0.0
har_sensors,beyond NLP,classification,4000,561,6,178,44,dr,dr:RandProj,svm,0.9125,0.0
har_sensors,beyond NLP,classification,4000,561,6,178,44,dr,dr:ICA,linear,0.9375,0.35
har_sensors,beyond NLP,classification,4000,561,6,178,44,dr,dr:ICA,knn,0.8638,0.35
har_sensors,beyond NLP,classification,4000,561,6,178,44,dr,dr:ICA,svm,0.9287,0.35
har_sensors,beyond NLP,classification,4000,561,6,178,44,dr,dr:KernelPCA,linear,0.9437,1.07
har_sensors,beyond NLP,classification,4000,561,6,178,44,dr,dr:KernelPCA,knn,0.915,1.07
har_sensors,beyond NLP,classification,4000,561,6,178,44,dr,dr:KernelPCA,svm,0.9463,1.07
har_sensors,beyond NLP,classification,4000,561,6,178,44,dr,dr:Isomap,linear,0.88,1.42
har_sensors,beyond NLP,classification,4000,561,6,178,44,dr,dr:Isomap,knn,0.8675,1.42
har_sensors,beyond NLP,classification,4000,561,6,178,44,dr,dr:Isomap,svm,0.8962,1.42
har_sensors,beyond NLP,classification,4000,561,6,178,44,dr,dr:UMAP,linear,0.8912,13.52
har_sensors,beyond NLP,classification,4000,561,6,178,44,dr,dr:UMAP,knn,0.8988,13.52
har_sensors,beyond NLP,classification,4000,561,6,178,44,dr,dr:UMAP,svm,0.8825,13.52
har_sensors,beyond NLP,classification,4000,561,6,178,10,select,select:vote,linear,0.8588,979.21
har_sensors,beyond NLP,classification,4000,561,6,178,10,select,select:vote,knn,0.8962,979.21
har_sensors,beyond NLP,classification,4000,561,6,178,10,select,select:vote,svm,0.83,979.21
har_sensors,beyond NLP,classification,4000,561,6,178,10,select,select:rf,linear,0.62,979.21
har_sensors,beyond NLP,classification,4000,561,6,178,10,select,select:rf,knn,0.7562,979.21
har_sensors,beyond NLP,classification,4000,561,6,178,10,select,select:rf,svm,0.565,979.21
har_sensors,beyond NLP,classification,4000,561,6,178,10,select,select:xg,linear,0.8063,979.21
har_sensors,beyond NLP,classification,4000,561,6,178,10,select,select:xg,knn,0.8163,979.21
har_sensors,beyond NLP,classification,4000,561,6,178,10,select,select:xg,svm,0.8125,979.21
har_sensors,beyond NLP,classification,4000,561,6,178,10,select,select:mi,linear,0.6575,979.21
har_sensors,beyond NLP,classification,4000,561,6,178,10,select,select:mi,knn,0.6538,979.21
har_sensors,beyond NLP,classification,4000,561,6,178,10,select,select:mi,svm,0.575,979.21
har_sensors,beyond NLP,classification,4000,561,6,178,10,select,select:f_test,linear,0.745,979.21
har_sensors,beyond NLP,classification,4000,561,6,178,10,select,select:f_test,knn,0.7525,979.21
har_sensors,beyond NLP,classification,4000,561,6,178,10,select,select:f_test,svm,0.735,979.21
har_sensors,beyond NLP,classification,4000,561,6,178,10,select,select:l1,linear,0.8438,979.21
har_sensors,beyond NLP,classification,4000,561,6,178,10,select,select:l1,knn,0.855,979.21
har_sensors,beyond NLP,classification,4000,561,6,178,10,select,select:l1,svm,0.8462,979.21
har_sensors,beyond NLP,classification,4000,561,6,178,10,dr,dr:PCA,linear,0.8612,0.01
har_sensors,beyond NLP,classification,4000,561,6,178,10,dr,dr:PCA,knn,0.8662,0.01
har_sensors,beyond NLP,classification,4000,561,6,178,10,dr,dr:PCA,svm,0.8762,0.01
har_sensors,beyond NLP,classification,4000,561,6,178,10,dr,dr:RandProj,linear,0.7262,0.0
har_sensors,beyond NLP,classification,4000,561,6,178,10,dr,dr:RandProj,knn,0.7175,0.0
har_sensors,beyond NLP,classification,4000,561,6,178,10,dr,dr:RandProj,svm,0.7638,0.0
har_sensors,beyond NLP,classification,4000,561,6,178,10,dr,dr:ICA,linear,0.8612,0.34
har_sensors,beyond NLP,classification,4000,561,6,178,10,dr,dr:ICA,knn,0.8662,0.34
har_sensors,beyond NLP,classification,4000,561,6,178,10,dr,dr:ICA,svm,0.8762,0.34
har_sensors,beyond NLP,classification,4000,561,6,178,10,dr,dr:KernelPCA,linear,0.8425,0.72
har_sensors,beyond NLP,classification,4000,561,6,178,10,dr,dr:KernelPCA,knn,0.84,0.72
har_sensors,beyond NLP,classification,4000,561,6,178,10,dr,dr:KernelPCA,svm,0.8625,0.72
har_sensors,beyond NLP,classification,4000,561,6,178,10,dr,dr:Isomap,linear,0.8237,1.39
har_sensors,beyond NLP,classification,4000,561,6,178,10,dr,dr:Isomap,knn,0.8675,1.39
har_sensors,beyond NLP,classification,4000,561,6,178,10,dr,dr:Isomap,svm,0.8762,1.39
har_sensors,beyond NLP,classification,4000,561,6,178,10,dr,dr:UMAP,linear,0.8688,11.86
har_sensors,beyond NLP,classification,4000,561,6,178,10,dr,dr:UMAP,knn,0.9012,11.86
har_sensors,beyond NLP,classification,4000,561,6,178,10,dr,dr:UMAP,svm,0.8762,11.86
har_sensors,beyond NLP,classification,4000,561,6,178,10,dr,dr:t-SNE,linear,0.7925,85.77
har_sensors,beyond NLP,classification,4000,561,6,178,10,dr,dr:t-SNE,knn,0.8988,85.77
har_sensors,beyond NLP,classification,4000,561,6,178,10,dr,dr:t-SNE,svm,0.8875,85.77
har_sensors,beyond NLP,classification,4000,561,6,178,1,select,select:vote,linear,0.4113,979.21
har_sensors,beyond NLP,classification,4000,561,6,178,1,select,select:vote,knn,0.425,979.21
har_sensors,beyond NLP,classification,4000,561,6,178,1,select,select:vote,svm,0.435,979.21
har_sensors,beyond NLP,classification,4000,561,6,178,1,select,select:rf,linear,0.4113,979.21
har_sensors,beyond NLP,classification,4000,561,6,178,1,select,select:rf,knn,0.425,979.21
har_sensors,beyond NLP,classification,4000,561,6,178,1,select,select:rf,svm,0.435,979.21
har_sensors,beyond NLP,classification,4000,561,6,178,1,select,select:xg,linear,0.4512,979.21
har_sensors,beyond NLP,classification,4000,561,6,178,1,select,select:xg,knn,0.4725,979.21
har_sensors,beyond NLP,classification,4000,561,6,178,1,select,select:xg,svm,0.4825,979.21
har_sensors,beyond NLP,classification,4000,561,6,178,1,select,select:mi,linear,0.525,979.21
har_sensors,beyond NLP,classification,4000,561,6,178,1,select,select:mi,knn,0.4925,979.21
har_sensors,beyond NLP,classification,4000,561,6,178,1,select,select:mi,svm,0.48,979.21
har_sensors,beyond NLP,classification,4000,561,6,178,1,select,select:f_test,linear,0.4213,979.21
har_sensors,beyond NLP,classification,4000,561,6,178,1,select,select:f_test,knn,0.3738,979.21
har_sensors,beyond NLP,classification,4000,561,6,178,1,select,select:f_test,svm,0.4213,979.21
har_sensors,beyond NLP,classification,4000,561,6,178,1,select,select:l1,linear,0.4113,979.21
har_sensors,beyond NLP,classification,4000,561,6,178,1,select,select:l1,knn,0.425,979.21
har_sensors,beyond NLP,classification,4000,561,6,178,1,select,select:l1,svm,0.435,979.21
har_sensors,beyond NLP,classification,4000,561,6,178,1,dr,dr:PCA,linear,0.4338,0.01
har_sensors,beyond NLP,classification,4000,561,6,178,1,dr,dr:PCA,knn,0.4075,0.01
har_sensors,beyond NLP,classification,4000,561,6,178,1,dr,dr:PCA,svm,0.4412,0.01
har_sensors,beyond NLP,classification,4000,561,6,178,1,dr,dr:RandProj,linear,0.3075,0.0
har_sensors,beyond NLP,classification,4000,561,6,178,1,dr,dr:RandProj,knn,0.2938,0.0
har_sensors,beyond NLP,classification,4000,561,6,178,1,dr,dr:RandProj,svm,0.3412,0.0
har_sensors,beyond NLP,classification,4000,561,6,178,1,dr,dr:ICA,linear,0.4338,0.33
har_sensors,beyond NLP,classification,4000,561,6,178,1,dr,dr:ICA,knn,0.4075,0.33
har_sensors,beyond NLP,classification,4000,561,6,178,1,dr,dr:ICA,svm,0.4412,0.33
har_sensors,beyond NLP,classification,4000,561,6,178,1,dr,dr:KernelPCA,linear,0.375,0.82
har_sensors,beyond NLP,classification,4000,561,6,178,1,dr,dr:KernelPCA,knn,0.3688,0.82
har_sensors,beyond NLP,classification,4000,561,6,178,1,dr,dr:KernelPCA,svm,0.4,0.82
har_sensors,beyond NLP,classification,4000,561,6,178,1,dr,dr:Isomap,linear,0.4775,1.38
har_sensors,beyond NLP,classification,4000,561,6,178,1,dr,dr:Isomap,knn,0.495,1.38
har_sensors,beyond NLP,classification,4000,561,6,178,1,dr,dr:Isomap,svm,0.48,1.38
har_sensors,beyond NLP,classification,4000,561,6,178,1,dr,dr:UMAP,linear,0.7837,11.28
har_sensors,beyond NLP,classification,4000,561,6,178,1,dr,dr:UMAP,knn,0.815,11.28
har_sensors,beyond NLP,classification,4000,561,6,178,1,dr,dr:UMAP,svm,0.8075,11.28
har_sensors,beyond NLP,classification,4000,561,6,178,1,dr,dr:t-SNE,linear,0.695,0.7
har_sensors,beyond NLP,classification,4000,561,6,178,1,dr,dr:t-SNE,knn,0.8037,0.7
har_sensors,beyond NLP,classification,4000,561,6,178,1,dr,dr:t-SNE,svm,0.7887,0.7
modernbert_trec,transformer NLP,classification,4000,1536,6,1198,1536,all,all features,linear,0.8762,0.0
modernbert_trec,transformer NLP,classification,4000,1536,6,1198,1536,all,all features,knn,0.7525,0.0
modernbert_trec,transformer NLP,classification,4000,1536,6,1198,1536,all,all features,svm,0.8788,0.0
modernbert_trec,transformer NLP,classification,4000,1536,6,1198,1198,select,select:vote,linear,0.8562,2485.2
modernbert_trec,transformer NLP,classification,4000,1536,6,1198,1198,select,select:vote,knn,0.7512,2485.2
modernbert_trec,transformer NLP,classification,4000,1536,6,1198,1198,select,select:vote,svm,0.8725,2485.2
modernbert_trec,transformer NLP,classification,4000,1536,6,1198,1198,select,select:rf,linear,0.855,2485.2
modernbert_trec,transformer NLP,classification,4000,1536,6,1198,1198,select,select:rf,knn,0.7575,2485.2
modernbert_trec,transformer NLP,classification,4000,1536,6,1198,1198,select,select:rf,svm,0.8762,2485.2
modernbert_trec,transformer NLP,classification,4000,1536,6,1198,1198,select,select:xg,linear,0.87,2485.2
modernbert_trec,transformer NLP,classification,4000,1536,6,1198,1198,select,select:xg,knn,0.7512,2485.2
modernbert_trec,transformer NLP,classification,4000,1536,6,1198,1198,select,select:xg,svm,0.8788,2485.2
modernbert_trec,transformer NLP,classification,4000,1536,6,1198,1198,select,select:mi,linear,0.8575,2485.2
modernbert_trec,transformer NLP,classification,4000,1536,6,1198,1198,select,select:mi,knn,0.7575,2485.2
modernbert_trec,transformer NLP,classification,4000,1536,6,1198,1198,select,select:mi,svm,0.8725,2485.2
modernbert_trec,transformer NLP,classification,4000,1536,6,1198,1198,select,select:f_test,linear,0.8638,2485.2
modernbert_trec,transformer NLP,classification,4000,1536,6,1198,1198,select,select:f_test,knn,0.7562,2485.2
modernbert_trec,transformer NLP,classification,4000,1536,6,1198,1198,select,select:f_test,svm,0.8725,2485.2
modernbert_trec,transformer NLP,classification,4000,1536,6,1198,1198,select,select:l1,linear,0.8788,2485.2
modernbert_trec,transformer NLP,classification,4000,1536,6,1198,1198,select,select:l1,knn,0.7462,2485.2
modernbert_trec,transformer NLP,classification,4000,1536,6,1198,1198,select,select:l1,svm,0.8725,2485.2
modernbert_trec,transformer NLP,classification,4000,1536,6,1198,1198,dr,dr:PCA,linear,0.8137,2.25
modernbert_trec,transformer NLP,classification,4000,1536,6,1198,1198,dr,dr:PCA,knn,0.2387,2.25
modernbert_trec,transformer NLP,classification,4000,1536,6,1198,1198,dr,dr:PCA,svm,0.6562,2.25
modernbert_trec,transformer NLP,classification,4000,1536,6,1198,1198,dr,dr:RandProj,linear,0.8413,0.03
modernbert_trec,transformer NLP,classification,4000,1536,6,1198,1198,dr,dr:RandProj,knn,0.7338,0.03
modernbert_trec,transformer NLP,classification,4000,1536,6,1198,1198,dr,dr:RandProj,svm,0.87,0.03
modernbert_trec,transformer NLP,classification,4000,1536,6,1198,599,select,select:vote,linear,0.8313,2485.2
modernbert_trec,transformer NLP,classification,4000,1536,6,1198,599,select,select:vote,knn,0.7675,2485.2
modernbert_trec,transformer NLP,classification,4000,1536,6,1198,599,select,select:vote,svm,0.8725,2485.2
modernbert_trec,transformer NLP,classification,4000,1536,6,1198,599,select,select:rf,linear,0.8225,2485.2
modernbert_trec,transformer NLP,classification,4000,1536,6,1198,599,select,select:rf,knn,0.76,2485.2
modernbert_trec,transformer NLP,classification,4000,1536,6,1198,599,select,select:rf,svm,0.8738,2485.2
modernbert_trec,transformer NLP,classification,4000,1536,6,1198,599,select,select:xg,linear,0.84,2485.2
modernbert_trec,transformer NLP,classification,4000,1536,6,1198,599,select,select:xg,knn,0.7662,2485.2
modernbert_trec,transformer NLP,classification,4000,1536,6,1198,599,select,select:xg,svm,0.8638,2485.2
modernbert_trec,transformer NLP,classification,4000,1536,6,1198,599,select,select:mi,linear,0.815,2485.2
modernbert_trec,transformer NLP,classification,4000,1536,6,1198,599,select,select:mi,knn,0.7712,2485.2
modernbert_trec,transformer NLP,classification,4000,1536,6,1198,599,select,select:mi,svm,0.8688,2485.2
modernbert_trec,transformer NLP,classification,4000,1536,6,1198,599,select,select:f_test,linear,0.8037,2485.2
modernbert_trec,transformer NLP,classification,4000,1536,6,1198,599,select,select:f_test,knn,0.7575,2485.2
modernbert_trec,transformer NLP,classification,4000,1536,6,1198,599,select,select:f_test,svm,0.8675,2485.2
modernbert_trec,transformer NLP,classification,4000,1536,6,1198,599,select,select:l1,linear,0.8612,2485.2
modernbert_trec,transformer NLP,classification,4000,1536,6,1198,599,select,select:l1,knn,0.7612,2485.2
modernbert_trec,transformer NLP,classification,4000,1536,6,1198,599,select,select:l1,svm,0.8838,2485.2
modernbert_trec,transformer NLP,classification,4000,1536,6,1198,599,dr,dr:PCA,linear,0.8187,1.41
modernbert_trec,transformer NLP,classification,4000,1536,6,1198,599,dr,dr:PCA,knn,0.2925,1.41
modernbert_trec,transformer NLP,classification,4000,1536,6,1198,599,dr,dr:PCA,svm,0.8625,1.41
modernbert_trec,transformer NLP,classification,4000,1536,6,1198,599,dr,dr:RandProj,linear,0.8063,0.02
modernbert_trec,transformer NLP,classification,4000,1536,6,1198,599,dr,dr:RandProj,knn,0.7312,0.02
modernbert_trec,transformer NLP,classification,4000,1536,6,1198,599,dr,dr:RandProj,svm,0.8488,0.02
modernbert_trec,transformer NLP,classification,4000,1536,6,1198,299,select,select:vote,linear,0.79,2485.2
modernbert_trec,transformer NLP,classification,4000,1536,6,1198,299,select,select:vote,knn,0.7662,2485.2
modernbert_trec,transformer NLP,classification,4000,1536,6,1198,299,select,select:vote,svm,0.8538,2485.2
modernbert_trec,transformer NLP,classification,4000,1536,6,1198,299,select,select:rf,linear,0.7825,2485.2
modernbert_trec,transformer NLP,classification,4000,1536,6,1198,299,select,select:rf,knn,0.7638,2485.2
modernbert_trec,transformer NLP,classification,4000,1536,6,1198,299,select,select:rf,svm,0.8438,2485.2
modernbert_trec,transformer NLP,classification,4000,1536,6,1198,299,select,select:xg,linear,0.785,2485.2
modernbert_trec,transformer NLP,classification,4000,1536,6,1198,299,select,select:xg,knn,0.7612,2485.2
modernbert_trec,transformer NLP,classification,4000,1536,6,1198,299,select,select:xg,svm,0.8387,2485.2
modernbert_trec,transformer NLP,classification,4000,1536,6,1198,299,select,select:mi,linear,0.7863,2485.2
modernbert_trec,transformer NLP,classification,4000,1536,6,1198,299,select,select:mi,knn,0.76,2485.2
modernbert_trec,transformer NLP,classification,4000,1536,6,1198,299,select,select:mi,svm,0.85,2485.2
modernbert_trec,transformer NLP,classification,4000,1536,6,1198,299,select,select:f_test,linear,0.7612,2485.2
modernbert_trec,transformer NLP,classification,4000,1536,6,1198,299,select,select:f_test,knn,0.755,2485.2
modernbert_trec,transformer NLP,classification,4000,1536,6,1198,299,select,select:f_test,svm,0.8337,2485.2
modernbert_trec,transformer NLP,classification,4000,1536,6,1198,299,select,select:l1,linear,0.8037,2485.2
modernbert_trec,transformer NLP,classification,4000,1536,6,1198,299,select,select:l1,knn,0.765,2485.2
modernbert_trec,transformer NLP,classification,4000,1536,6,1198,299,select,select:l1,svm,0.8675,2485.2
modernbert_trec,transformer NLP,classification,4000,1536,6,1198,299,dr,dr:PCA,linear,0.8462,1.09
modernbert_trec,transformer NLP,classification,4000,1536,6,1198,299,dr,dr:PCA,knn,0.5637,1.09
modernbert_trec,transformer NLP,classification,4000,1536,6,1198,299,dr,dr:PCA,svm,0.8762,1.09
modernbert_trec,transformer NLP,classification,4000,1536,6,1198,299,dr,dr:RandProj,linear,0.7425,0.02
modernbert_trec,transformer NLP,classification,4000,1536,6,1198,299,dr,dr:RandProj,knn,0.715,0.02
modernbert_trec,transformer NLP,classification,4000,1536,6,1198,299,dr,dr:RandProj,svm,0.8175,0.02
modernbert_trec,transformer NLP,classification,4000,1536,6,1198,10,select,select:vote,linear,0.535,2485.2
modernbert_trec,transformer NLP,classification,4000,1536,6,1198,10,select,select:vote,knn,0.5325,2485.2
modernbert_trec,transformer NLP,classification,4000,1536,6,1198,10,select,select:vote,svm,0.57,2485.2
modernbert_trec,transformer NLP,classification,4000,1536,6,1198,10,select,select:rf,linear,0.5413,2485.2
modernbert_trec,transformer NLP,classification,4000,1536,6,1198,10,select,select:rf,knn,0.545,2485.2
modernbert_trec,transformer NLP,classification,4000,1536,6,1198,10,select,select:rf,svm,0.5813,2485.2
modernbert_trec,transformer NLP,classification,4000,1536,6,1198,10,select,select:xg,linear,0.4888,2485.2
modernbert_trec,transformer NLP,classification,4000,1536,6,1198,10,select,select:xg,knn,0.4913,2485.2
modernbert_trec,transformer NLP,classification,4000,1536,6,1198,10,select,select:xg,svm,0.5238,2485.2
modernbert_trec,transformer NLP,classification,4000,1536,6,1198,10,select,select:mi,linear,0.4825,2485.2
modernbert_trec,transformer NLP,classification,4000,1536,6,1198,10,select,select:mi,knn,0.5188,2485.2
modernbert_trec,transformer NLP,classification,4000,1536,6,1198,10,select,select:mi,svm,0.5337,2485.2
modernbert_trec,transformer NLP,classification,4000,1536,6,1198,10,select,select:f_test,linear,0.535,2485.2
modernbert_trec,transformer NLP,classification,4000,1536,6,1198,10,select,select:f_test,knn,0.5275,2485.2
modernbert_trec,transformer NLP,classification,4000,1536,6,1198,10,select,select:f_test,svm,0.5837,2485.2
modernbert_trec,transformer NLP,classification,4000,1536,6,1198,10,select,select:l1,linear,0.5125,2485.2
modernbert_trec,transformer NLP,classification,4000,1536,6,1198,10,select,select:l1,knn,0.52,2485.2
modernbert_trec,transformer NLP,classification,4000,1536,6,1198,10,select,select:l1,svm,0.5387,2485.2
modernbert_trec,transformer NLP,classification,4000,1536,6,1198,10,dr,dr:PCA,linear,0.6212,0.04
modernbert_trec,transformer NLP,classification,4000,1536,6,1198,10,dr,dr:PCA,knn,0.6438,0.04
modernbert_trec,transformer NLP,classification,4000,1536,6,1198,10,dr,dr:PCA,svm,0.6625,0.04
modernbert_trec,transformer NLP,classification,4000,1536,6,1198,10,dr,dr:RandProj,linear,0.405,0.0
modernbert_trec,transformer NLP,classification,4000,1536,6,1198,10,dr,dr:RandProj,knn,0.3738,0.0
modernbert_trec,transformer NLP,classification,4000,1536,6,1198,10,dr,dr:RandProj,svm,0.4338,0.0
modernbert_trec,transformer NLP,classification,4000,1536,6,1198,10,dr,dr:ICA,linear,0.6188,0.73
modernbert_trec,transformer NLP,classification,4000,1536,6,1198,10,dr,dr:ICA,knn,0.6412,0.73
modernbert_trec,transformer NLP,classification,4000,1536,6,1198,10,dr,dr:ICA,svm,0.6613,0.73
modernbert_trec,transformer NLP,classification,4000,1536,6,1198,10,dr,dr:KernelPCA,linear,0.6312,0.8
modernbert_trec,transformer NLP,classification,4000,1536,6,1198,10,dr,dr:KernelPCA,knn,0.64,0.8
modernbert_trec,transformer NLP,classification,4000,1536,6,1198,10,dr,dr:KernelPCA,svm,0.6713,0.8
modernbert_trec,transformer NLP,classification,4000,1536,6,1198,10,dr,dr:Isomap,linear,0.6312,1.58
modernbert_trec,transformer NLP,classification,4000,1536,6,1198,10,dr,dr:Isomap,knn,0.6438,1.58
modernbert_trec,transformer NLP,classification,4000,1536,6,1198,10,dr,dr:Isomap,svm,0.6725,1.58
modernbert_trec,transformer NLP,classification,4000,1536,6,1198,10,dr,dr:UMAP,linear,0.6338,21.73
modernbert_trec,transformer NLP,classification,4000,1536,6,1198,10,dr,dr:UMAP,knn,0.6475,21.73
modernbert_trec,transformer NLP,classification,4000,1536,6,1198,10,dr,dr:UMAP,svm,0.6362,21.73
modernbert_trec,transformer NLP,classification,4000,1536,6,1198,10,dr,dr:t-SNE,linear,0.52,86.83
modernbert_trec,transformer NLP,classification,4000,1536,6,1198,10,dr,dr:t-SNE,knn,0.695,86.83
modernbert_trec,transformer NLP,classification,4000,1536,6,1198,10,dr,dr:t-SNE,svm,0.6562,86.83
modernbert_trec,transformer NLP,classification,4000,1536,6,1198,1,select,select:vote,linear,0.2938,2485.2
modernbert_trec,transformer NLP,classification,4000,1536,6,1198,1,select,select:vote,knn,0.275,2485.2
modernbert_trec,transformer NLP,classification,4000,1536,6,1198,1,select,select:vote,svm,0.3,2485.2
modernbert_trec,transformer NLP,classification,4000,1536,6,1198,1,select,select:rf,linear,0.2938,2485.2
modernbert_trec,transformer NLP,classification,4000,1536,6,1198,1,select,select:rf,knn,0.275,2485.2
modernbert_trec,transformer NLP,classification,4000,1536,6,1198,1,select,select:rf,svm,0.3,2485.2
modernbert_trec,transformer NLP,classification,4000,1536,6,1198,1,select,select:xg,linear,0.2338,2485.2
modernbert_trec,transformer NLP,classification,4000,1536,6,1198,1,select,select:xg,knn,0.2213,2485.2
modernbert_trec,transformer NLP,classification,4000,1536,6,1198,1,select,select:xg,svm,0.2812,2485.2
modernbert_trec,transformer NLP,classification,4000,1536,6,1198,1,select,select:mi,linear,0.33,2485.2
modernbert_trec,transformer NLP,classification,4000,1536,6,1198,1,select,select:mi,knn,0.2825,2485.2
modernbert_trec,transformer NLP,classification,4000,1536,6,1198,1,select,select:mi,svm,0.3212,2485.2
modernbert_trec,transformer NLP,classification,4000,1536,6,1198,1,select,select:f_test,linear,0.2938,2485.2
modernbert_trec,transformer NLP,classification,4000,1536,6,1198,1,select,select:f_test,knn,0.275,2485.2
modernbert_trec,transformer NLP,classification,4000,1536,6,1198,1,select,select:f_test,svm,0.3,2485.2
modernbert_trec,transformer NLP,classification,4000,1536,6,1198,1,select,select:l1,linear,0.33,2485.2
modernbert_trec,transformer NLP,classification,4000,1536,6,1198,1,select,select:l1,knn,0.2825,2485.2
modernbert_trec,transformer NLP,classification,4000,1536,6,1198,1,select,select:l1,svm,0.3212,2485.2
modernbert_trec,transformer NLP,classification,4000,1536,6,1198,1,dr,dr:PCA,linear,0.3013,0.02
modernbert_trec,transformer NLP,classification,4000,1536,6,1198,1,dr,dr:PCA,knn,0.2375,0.02
modernbert_trec,transformer NLP,classification,4000,1536,6,1198,1,dr,dr:PCA,svm,0.3,0.02
modernbert_trec,transformer NLP,classification,4000,1536,6,1198,1,dr,dr:RandProj,linear,0.26,0.01
modernbert_trec,transformer NLP,classification,4000,1536,6,1198,1,dr,dr:RandProj,knn,0.2162,0.01
modernbert_trec,transformer NLP,classification,4000,1536,6,1198,1,dr,dr:RandProj,svm,0.2637,0.01
modernbert_trec,transformer NLP,classification,4000,1536,6,1198,1,dr,dr:ICA,linear,0.3013,0.52
modernbert_trec,transformer NLP,classification,4000,1536,6,1198,1,dr,dr:ICA,knn,0.2375,0.52
modernbert_trec,transformer NLP,classification,4000,1536,6,1198,1,dr,dr:ICA,svm,0.3,0.52
modernbert_trec,transformer NLP,classification,4000,1536,6,1198,1,dr,dr:KernelPCA,linear,0.2925,0.84
modernbert_trec,transformer NLP,classification,4000,1536,6,1198,1,dr,dr:KernelPCA,knn,0.27,0.84
modernbert_trec,transformer NLP,classification,4000,1536,6,1198,1,dr,dr:KernelPCA,svm,0.3013,0.84
modernbert_trec,transformer NLP,classification,4000,1536,6,1198,1,dr,dr:Isomap,linear,0.3475,1.65
modernbert_trec,transformer NLP,classification,4000,1536,6,1198,1,dr,dr:Isomap,knn,0.3375,1.65
modernbert_trec,transformer NLP,classification,4000,1536,6,1198,1,dr,dr:Isomap,svm,0.3663,1.65
modernbert_trec,transformer NLP,classification,4000,1536,6,1198,1,dr,dr:UMAP,linear,0.3312,12.35
modernbert_trec,transformer NLP,classification,4000,1536,6,1198,1,dr,dr:UMAP,knn,0.5925,12.35
modernbert_trec,transformer NLP,classification,4000,1536,6,1198,1,dr,dr:UMAP,svm,0.5413,12.35
modernbert_trec,transformer NLP,classification,4000,1536,6,1198,1,dr,dr:t-SNE,linear,0.3775,0.69
modernbert_trec,transformer NLP,classification,4000,1536,6,1198,1,dr,dr:t-SNE,knn,0.4975,0.69
modernbert_trec,transformer NLP,classification,4000,1536,6,1198,1,dr,dr:t-SNE,svm,0.4713,0.69
chargram_langid,classical NLP,classification,3600,2000,6,1395,2000,all,all features,linear,0.9958,0.0
chargram_langid,classical NLP,classification,3600,2000,6,1395,2000,all,all features,knn,0.7986,0.0
chargram_langid,classical NLP,classification,3600,2000,6,1395,2000,all,all features,svm,0.9944,0.0
chargram_langid,classical NLP,classification,3600,2000,6,1395,1395,select,select:vote,linear,0.9944,2885.19
chargram_langid,classical NLP,classification,3600,2000,6,1395,1395,select,select:vote,knn,0.8889,2885.19
chargram_langid,classical NLP,classification,3600,2000,6,1395,1395,select,select:vote,svm,0.9917,2885.19
chargram_langid,classical NLP,classification,3600,2000,6,1395,1395,select,select:rf,linear,0.9958,2885.19
chargram_langid,classical NLP,classification,3600,2000,6,1395,1395,select,select:rf,knn,0.8028,2885.19
chargram_langid,classical NLP,classification,3600,2000,6,1395,1395,select,select:rf,svm,0.9972,2885.19
chargram_langid,classical NLP,classification,3600,2000,6,1395,1395,select,select:xg,linear,0.9944,2885.19
chargram_langid,classical NLP,classification,3600,2000,6,1395,1395,select,select:xg,knn,0.8292,2885.19
chargram_langid,classical NLP,classification,3600,2000,6,1395,1395,select,select:xg,svm,0.9931,2885.19
chargram_langid,classical NLP,classification,3600,2000,6,1395,1395,select,select:mi,linear,0.9958,2885.19
chargram_langid,classical NLP,classification,3600,2000,6,1395,1395,select,select:mi,knn,0.8903,2885.19
chargram_langid,classical NLP,classification,3600,2000,6,1395,1395,select,select:mi,svm,0.9944,2885.19
chargram_langid,classical NLP,classification,3600,2000,6,1395,1395,select,select:f_test,linear,0.9958,2885.19
chargram_langid,classical NLP,classification,3600,2000,6,1395,1395,select,select:f_test,knn,0.9292,2885.19
chargram_langid,classical NLP,classification,3600,2000,6,1395,1395,select,select:f_test,svm,0.9889,2885.19
chargram_langid,classical NLP,classification,3600,2000,6,1395,1395,select,select:l1,linear,0.9958,2885.19
chargram_langid,classical NLP,classification,3600,2000,6,1395,1395,select,select:l1,knn,0.9,2885.19
chargram_langid,classical NLP,classification,3600,2000,6,1395,1395,select,select:l1,svm,0.9958,2885.19
chargram_langid,classical NLP,classification,3600,2000,6,1395,1395,dr,dr:PCA,linear,0.9847,2.79
chargram_langid,classical NLP,classification,3600,2000,6,1395,1395,dr,dr:PCA,knn,0.2028,2.79
chargram_langid,classical NLP,classification,3600,2000,6,1395,1395,dr,dr:PCA,svm,0.7111,2.79
chargram_langid,classical NLP,classification,3600,2000,6,1395,1395,dr,dr:RandProj,linear,0.9917,0.07
chargram_langid,classical NLP,classification,3600,2000,6,1395,1395,dr,dr:RandProj,knn,0.8042,0.07
chargram_langid,classical NLP,classification,3600,2000,6,1395,1395,dr,dr:RandProj,svm,0.9875,0.07
chargram_langid,classical NLP,classification,3600,2000,6,1395,697,select,select:vote,linear,0.9944,2885.19
chargram_langid,classical NLP,classification,3600,2000,6,1395,697,select,select:vote,knn,0.9708,2885.19
chargram_langid,classical NLP,classification,3600,2000,6,1395,697,select,select:vote,svm,0.9972,2885.19
chargram_langid,classical NLP,classification,3600,2000,6,1395,697,select,select:rf,linear,0.9958,2885.19
chargram_langid,classical NLP,classification,3600,2000,6,1395,697,select,select:rf,knn,0.9528,2885.19
chargram_langid,classical NLP,classification,3600,2000,6,1395,697,select,select:rf,svm,0.9972,2885.19
chargram_langid,classical NLP,classification,3600,2000,6,1395,697,select,select:xg,linear,0.9944,2885.19
chargram_langid,classical NLP,classification,3600,2000,6,1395,697,select,select:xg,knn,0.9167,2885.19
chargram_langid,classical NLP,classification,3600,2000,6,1395,697,select,select:xg,svm,0.9944,2885.19
chargram_langid,classical NLP,classification,3600,2000,6,1395,697,select,select:mi,linear,0.9958,2885.19
chargram_langid,classical NLP,classification,3600,2000,6,1395,697,select,select:mi,knn,0.9681,2885.19
chargram_langid,classical NLP,classification,3600,2000,6,1395,697,select,select:mi,svm,0.9931,2885.19
chargram_langid,classical NLP,classification,3600,2000,6,1395,697,select,select:f_test,linear,0.9917,2885.19
chargram_langid,classical NLP,classification,3600,2000,6,1395,697,select,select:f_test,knn,0.975,2885.19
chargram_langid,classical NLP,classification,3600,2000,6,1395,697,select,select:f_test,svm,0.9875,2885.19
chargram_langid,classical NLP,classification,3600,2000,6,1395,697,select,select:l1,linear,0.9944,2885.19
chargram_langid,classical NLP,classification,3600,2000,6,1395,697,select,select:l1,knn,0.9764,2885.19
chargram_langid,classical NLP,classification,3600,2000,6,1395,697,select,select:l1,svm,0.9917,2885.19
chargram_langid,classical NLP,classification,3600,2000,6,1395,697,dr,dr:PCA,linear,0.9903,1.69
chargram_langid,classical NLP,classification,3600,2000,6,1395,697,dr,dr:PCA,knn,0.5528,1.69
chargram_langid,classical NLP,classification,3600,2000,6,1395,697,dr,dr:PCA,svm,0.9931,1.69
chargram_langid,classical NLP,classification,3600,2000,6,1395,697,dr,dr:RandProj,linear,0.9861,0.02
chargram_langid,classical NLP,classification,3600,2000,6,1395,697,dr,dr:RandProj,knn,0.7986,0.02
chargram_langid,classical NLP,classification,3600,2000,6,1395,697,dr,dr:RandProj,svm,0.9819,0.02
chargram_langid,classical NLP,classification,3600,2000,6,1395,348,select,select:vote,linear,0.9903,2885.19
chargram_langid,classical NLP,classification,3600,2000,6,1395,348,select,select:vote,knn,0.9778,2885.19
chargram_langid,classical NLP,classification,3600,2000,6,1395,348,select,select:vote,svm,0.9903,2885.19
chargram_langid,classical NLP,classification,3600,2000,6,1395,348,select,select:rf,linear,0.9875,2885.19
chargram_langid,classical NLP,classification,3600,2000,6,1395,348,select,select:rf,knn,0.975,2885.19
chargram_langid,classical NLP,classification,3600,2000,6,1395,348,select,select:rf,svm,0.9903,2885.19
chargram_langid,classical NLP,classification,3600,2000,6,1395,348,select,select:xg,linear,0.9847,2885.19
chargram_langid,classical NLP,classification,3600,2000,6,1395,348,select,select:xg,knn,0.975,2885.19
chargram_langid,classical NLP,classification,3600,2000,6,1395,348,select,select:xg,svm,0.9875,2885.19
chargram_langid,classical NLP,classification,3600,2000,6,1395,348,select,select:mi,linear,0.9833,2885.19
chargram_langid,classical NLP,classification,3600,2000,6,1395,348,select,select:mi,knn,0.9611,2885.19
chargram_langid,classical NLP,classification,3600,2000,6,1395,348,select,select:mi,svm,0.9958,2885.19
chargram_langid,classical NLP,classification,3600,2000,6,1395,348,select,select:f_test,linear,0.9875,2885.19
chargram_langid,classical NLP,classification,3600,2000,6,1395,348,select,select:f_test,knn,0.9639,2885.19
chargram_langid,classical NLP,classification,3600,2000,6,1395,348,select,select:f_test,svm,0.9931,2885.19
chargram_langid,classical NLP,classification,3600,2000,6,1395,348,select,select:l1,linear,0.9931,2885.19
chargram_langid,classical NLP,classification,3600,2000,6,1395,348,select,select:l1,knn,0.9792,2885.19
chargram_langid,classical NLP,classification,3600,2000,6,1395,348,select,select:l1,svm,0.9875,2885.19
chargram_langid,classical NLP,classification,3600,2000,6,1395,348,dr,dr:PCA,linear,0.9931,1.27
chargram_langid,classical NLP,classification,3600,2000,6,1395,348,dr,dr:PCA,knn,0.7125,1.27
chargram_langid,classical NLP,classification,3600,2000,6,1395,348,dr,dr:PCA,svm,0.9917,1.27
chargram_langid,classical NLP,classification,3600,2000,6,1395,348,dr,dr:RandProj,linear,0.9639,0.03
chargram_langid,classical NLP,classification,3600,2000,6,1395,348,dr,dr:RandProj,knn,0.8,0.03
chargram_langid,classical NLP,classification,3600,2000,6,1395,348,dr,dr:RandProj,svm,0.975,0.03
chargram_langid,classical NLP,classification,3600,2000,6,1395,10,select,select:vote,linear,0.7361,2885.19
chargram_langid,classical NLP,classification,3600,2000,6,1395,10,select,select:vote,knn,0.7569,2885.19
chargram_langid,classical NLP,classification,3600,2000,6,1395,10,select,select:vote,svm,0.7333,2885.19
chargram_langid,classical NLP,classification,3600,2000,6,1395,10,select,select:rf,linear,0.8625,2885.19
chargram_langid,classical NLP,classification,3600,2000,6,1395,10,select,select:rf,knn,0.8278,2885.19
chargram_langid,classical NLP,classification,3600,2000,6,1395,10,select,select:rf,svm,0.8569,2885.19
chargram_langid,classical NLP,classification,3600,2000,6,1395,10,select,select:xg,linear,0.6208,2885.19
chargram_langid,classical NLP,classification,3600,2000,6,1395,10,select,select:xg,knn,0.5514,2885.19
chargram_langid,classical NLP,classification,3600,2000,6,1395,10,select,select:xg,svm,0.6278,2885.19
chargram_langid,classical NLP,classification,3600,2000,6,1395,10,select,select:mi,linear,0.7639,2885.19
chargram_langid,classical NLP,classification,3600,2000,6,1395,10,select,select:mi,knn,0.7444,2885.19
chargram_langid,classical NLP,classification,3600,2000,6,1395,10,select,select:mi,svm,0.7542,2885.19
chargram_langid,classical NLP,classification,3600,2000,6,1395,10,select,select:f_test,linear,0.6778,2885.19
chargram_langid,classical NLP,classification,3600,2000,6,1395,10,select,select:f_test,knn,0.6778,2885.19
chargram_langid,classical NLP,classification,3600,2000,6,1395,10,select,select:f_test,svm,0.7167,2885.19
chargram_langid,classical NLP,classification,3600,2000,6,1395,10,select,select:l1,linear,0.8139,2885.19
chargram_langid,classical NLP,classification,3600,2000,6,1395,10,select,select:l1,knn,0.8153,2885.19
chargram_langid,classical NLP,classification,3600,2000,6,1395,10,select,select:l1,svm,0.8042,2885.19
chargram_langid,classical NLP,classification,3600,2000,6,1395,10,dr,dr:PCA,linear,0.9944,0.03
chargram_langid,classical NLP,classification,3600,2000,6,1395,10,dr,dr:PCA,knn,0.9889,0.03
chargram_langid,classical NLP,classification,3600,2000,6,1395,10,dr,dr:PCA,svm,0.9931,0.03
chargram_langid,classical NLP,classification,3600,2000,6,1395,10,dr,dr:RandProj,linear,0.4278,0.0
chargram_langid,classical NLP,classification,3600,2000,6,1395,10,dr,dr:RandProj,knn,0.4083,0.0
chargram_langid,classical NLP,classification,3600,2000,6,1395,10,dr,dr:RandProj,svm,0.4403,0.0
chargram_langid,classical NLP,classification,3600,2000,6,1395,10,dr,dr:ICA,linear,0.9931,0.62
chargram_langid,classical NLP,classification,3600,2000,6,1395,10,dr,dr:ICA,knn,0.9903,0.62
chargram_langid,classical NLP,classification,3600,2000,6,1395,10,dr,dr:ICA,svm,0.9917,0.62
chargram_langid,classical NLP,classification,3600,2000,6,1395,10,dr,dr:KernelPCA,linear,0.9917,0.91
chargram_langid,classical NLP,classification,3600,2000,6,1395,10,dr,dr:KernelPCA,knn,0.9903,0.91
chargram_langid,classical NLP,classification,3600,2000,6,1395,10,dr,dr:KernelPCA,svm,0.9903,0.91
chargram_langid,classical NLP,classification,3600,2000,6,1395,10,dr,dr:Isomap,linear,0.8583,1.34
chargram_langid,classical NLP,classification,3600,2000,6,1395,10,dr,dr:Isomap,knn,0.8389,1.34
chargram_langid,classical NLP,classification,3600,2000,6,1395,10,dr,dr:Isomap,svm,0.8514,1.34
chargram_langid,classical NLP,classification,3600,2000,6,1395,10,dr,dr:UMAP,linear,0.9417,20.83
chargram_langid,classical NLP,classification,3600,2000,6,1395,10,dr,dr:UMAP,knn,0.9181,20.83
chargram_langid,classical NLP,classification,3600,2000,6,1395,10,dr,dr:UMAP,svm,0.9333,20.83
chargram_langid,classical NLP,classification,3600,2000,6,1395,10,dr,dr:t-SNE,linear,0.8472,71.01
chargram_langid,classical NLP,classification,3600,2000,6,1395,10,dr,dr:t-SNE,knn,0.8944,71.01
chargram_langid,classical NLP,classification,3600,2000,6,1395,10,dr,dr:t-SNE,svm,0.9042,71.01
chargram_langid,classical NLP,classification,3600,2000,6,1395,1,select,select:vote,linear,0.3139,2885.19
chargram_langid,classical NLP,classification,3600,2000,6,1395,1,select,select:vote,knn,0.3153,2885.19
chargram_langid,classical NLP,classification,3600,2000,6,1395,1,select,select:vote,svm,0.3139,2885.19
chargram_langid,classical NLP,classification,3600,2000,6,1395,1,select,select:rf,linear,0.3431,2885.19
chargram_langid,classical NLP,classification,3600,2000,6,1395,1,select,select:rf,knn,0.3319,2885.19
chargram_langid,classical NLP,classification,3600,2000,6,1395,1,select,select:rf,svm,0.3472,2885.19
chargram_langid,classical NLP,classification,3600,2000,6,1395,1,select,select:xg,linear,0.2861,2885.19
chargram_langid,classical NLP,classification,3600,2000,6,1395,1,select,select:xg,knn,0.2875,2885.19
chargram_langid,classical NLP,classification,3600,2000,6,1395,1,select,select:xg,svm,0.2861,2885.19
chargram_langid,classical NLP,classification,3600,2000,6,1395,1,select,select:mi,linear,0.3431,2885.19
chargram_langid,classical NLP,classification,3600,2000,6,1395,1,select,select:mi,knn,0.3319,2885.19
chargram_langid,classical NLP,classification,3600,2000,6,1395,1,select,select:mi,svm,0.3472,2885.19
chargram_langid,classical NLP,classification,3600,2000,6,1395,1,select,select:f_test,linear,0.3139,2885.19
chargram_langid,classical NLP,classification,3600,2000,6,1395,1,select,select:f_test,knn,0.3153,2885.19
chargram_langid,classical NLP,classification,3600,2000,6,1395,1,select,select:f_test,svm,0.3139,2885.19
chargram_langid,classical NLP,classification,3600,2000,6,1395,1,select,select:l1,linear,0.3139,2885.19
chargram_langid,classical NLP,classification,3600,2000,6,1395,1,select,select:l1,knn,0.3153,2885.19
chargram_langid,classical NLP,classification,3600,2000,6,1395,1,select,select:l1,svm,0.3139,2885.19
chargram_langid,classical NLP,classification,3600,2000,6,1395,1,dr,dr:PCA,linear,0.6222,0.02
chargram_langid,classical NLP,classification,3600,2000,6,1395,1,dr,dr:PCA,knn,0.6125,0.02
chargram_langid,classical NLP,classification,3600,2000,6,1395,1,dr,dr:PCA,svm,0.6264,0.02
chargram_langid,classical NLP,classification,3600,2000,6,1395,1,dr,dr:RandProj,linear,0.2153,0.01
chargram_langid,classical NLP,classification,3600,2000,6,1395,1,dr,dr:RandProj,knn,0.2139,0.01
chargram_langid,classical NLP,classification,3600,2000,6,1395,1,dr,dr:RandProj,svm,0.2319,0.01
chargram_langid,classical NLP,classification,3600,2000,6,1395,1,dr,dr:ICA,linear,0.6222,0.49
chargram_langid,classical NLP,classification,3600,2000,6,1395,1,dr,dr:ICA,knn,0.6125,0.49
chargram_langid,classical NLP,classification,3600,2000,6,1395,1,dr,dr:ICA,svm,0.6264,0.49
chargram_langid,classical NLP,classification,3600,2000,6,1395,1,dr,dr:KernelPCA,linear,0.3528,1.09
chargram_langid,classical NLP,classification,3600,2000,6,1395,1,dr,dr:KernelPCA,knn,0.3222,1.09
chargram_langid,classical NLP,classification,3600,2000,6,1395,1,dr,dr:KernelPCA,svm,0.3778,1.09
chargram_langid,classical NLP,classification,3600,2000,6,1395,1,dr,dr:Isomap,linear,0.7319,1.4
chargram_langid,classical NLP,classification,3600,2000,6,1395,1,dr,dr:Isomap,knn,0.7306,1.4
chargram_langid,classical NLP,classification,3600,2000,6,1395,1,dr,dr:Isomap,svm,0.6903,1.4
chargram_langid,classical NLP,classification,3600,2000,6,1395,1,dr,dr:UMAP,linear,0.6806,11.3
chargram_langid,classical NLP,classification,3600,2000,6,1395,1,dr,dr:UMAP,knn,0.8347,11.3
chargram_langid,classical NLP,classification,3600,2000,6,1395,1,dr,dr:UMAP,svm,0.7764,11.3
chargram_langid,classical NLP,classification,3600,2000,6,1395,1,dr,dr:t-SNE,linear,0.7069,0.82
chargram_langid,classical NLP,classification,3600,2000,6,1395,1,dr,dr:t-SNE,knn,0.9403,0.82
chargram_langid,classical NLP,classification,3600,2000,6,1395,1,dr,dr:t-SNE,svm,0.9333,0.82
digits_pixels,beyond NLP,classification,1797,64,10,54,64,all,all features,linear,0.9722,0.0
digits_pixels,beyond NLP,classification,1797,64,10,54,64,all,all features,knn,0.9611,0.0
digits_pixels,beyond NLP,classification,1797,64,10,54,64,all,all features,svm,0.975,0.0
digits_pixels,beyond NLP,classification,1797,64,10,54,54,select,select:vote,linear,0.9722,122.66
digits_pixels,beyond NLP,classification,1797,64,10,54,54,select,select:vote,knn,0.9611,122.66
digits_pixels,beyond NLP,classification,1797,64,10,54,54,select,select:vote,svm,0.9861,122.66
digits_pixels,beyond NLP,classification,1797,64,10,54,54,select,select:rf,linear,0.9722,122.66
digits_pixels,beyond NLP,classification,1797,64,10,54,54,select,select:rf,knn,0.9611,122.66
digits_pixels,beyond NLP,classification,1797,64,10,54,54,select,select:rf,svm,0.9833,122.66
digits_pixels,beyond NLP,classification,1797,64,10,54,54,select,select:xg,linear,0.9694,122.66
digits_pixels,beyond NLP,classification,1797,64,10,54,54,select,select:xg,knn,0.9667,122.66
digits_pixels,beyond NLP,classification,1797,64,10,54,54,select,select:xg,svm,0.9833,122.66
digits_pixels,beyond NLP,classification,1797,64,10,54,54,select,select:mi,linear,0.9722,122.66
digits_pixels,beyond NLP,classification,1797,64,10,54,54,select,select:mi,knn,0.9667,122.66
digits_pixels,beyond NLP,classification,1797,64,10,54,54,select,select:mi,svm,0.9833,122.66
digits_pixels,beyond NLP,classification,1797,64,10,54,54,select,select:f_test,linear,0.9722,122.66
digits_pixels,beyond NLP,classification,1797,64,10,54,54,select,select:f_test,knn,0.9611,122.66
digits_pixels,beyond NLP,classification,1797,64,10,54,54,select,select:f_test,svm,0.9833,122.66
digits_pixels,beyond NLP,classification,1797,64,10,54,54,select,select:l1,linear,0.9722,122.66
digits_pixels,beyond NLP,classification,1797,64,10,54,54,select,select:l1,knn,0.9639,122.66
digits_pixels,beyond NLP,classification,1797,64,10,54,54,select,select:l1,svm,0.9833,122.66
digits_pixels,beyond NLP,classification,1797,64,10,54,54,dr,dr:PCA,linear,0.9639,0.0
digits_pixels,beyond NLP,classification,1797,64,10,54,54,dr,dr:PCA,knn,0.9389,0.0
digits_pixels,beyond NLP,classification,1797,64,10,54,54,dr,dr:PCA,svm,0.9722,0.0
digits_pixels,beyond NLP,classification,1797,64,10,54,54,dr,dr:RandProj,linear,0.9444,0.0
digits_pixels,beyond NLP,classification,1797,64,10,54,54,dr,dr:RandProj,knn,0.9472,0.0
digits_pixels,beyond NLP,classification,1797,64,10,54,54,dr,dr:RandProj,svm,0.9722,0.0
digits_pixels,beyond NLP,classification,1797,64,10,54,54,dr,dr:ICA,linear,0.9639,0.07
digits_pixels,beyond NLP,classification,1797,64,10,54,54,dr,dr:ICA,knn,0.9389,0.07
digits_pixels,beyond NLP,classification,1797,64,10,54,54,dr,dr:ICA,svm,0.9722,0.07
digits_pixels,beyond NLP,classification,1797,64,10,54,54,dr,dr:KernelPCA,linear,0.9667,0.27
digits_pixels,beyond NLP,classification,1797,64,10,54,54,dr,dr:KernelPCA,knn,0.9611,0.27
digits_pixels,beyond NLP,classification,1797,64,10,54,54,dr,dr:KernelPCA,svm,0.9722,0.27
digits_pixels,beyond NLP,classification,1797,64,10,54,54,dr,dr:Isomap,linear,0.9472,0.69
digits_pixels,beyond NLP,classification,1797,64,10,54,54,dr,dr:Isomap,knn,0.9083,0.69
digits_pixels,beyond NLP,classification,1797,64,10,54,54,dr,dr:Isomap,svm,0.95,0.69
digits_pixels,beyond NLP,classification,1797,64,10,54,54,dr,dr:UMAP,linear,0.9583,14.01
digits_pixels,beyond NLP,classification,1797,64,10,54,54,dr,dr:UMAP,knn,0.95,14.01
digits_pixels,beyond NLP,classification,1797,64,10,54,54,dr,dr:UMAP,svm,0.9333,14.01
digits_pixels,beyond NLP,classification,1797,64,10,54,27,select,select:vote,linear,0.9417,122.66
digits_pixels,beyond NLP,classification,1797,64,10,54,27,select,select:vote,knn,0.9667,122.66
digits_pixels,beyond NLP,classification,1797,64,10,54,27,select,select:vote,svm,0.9806,122.66
digits_pixels,beyond NLP,classification,1797,64,10,54,27,select,select:rf,linear,0.9333,122.66
digits_pixels,beyond NLP,classification,1797,64,10,54,27,select,select:rf,knn,0.9778,122.66
digits_pixels,beyond NLP,classification,1797,64,10,54,27,select,select:rf,svm,0.9889,122.66
digits_pixels,beyond NLP,classification,1797,64,10,54,27,select,select:xg,linear,0.9083,122.66
digits_pixels,beyond NLP,classification,1797,64,10,54,27,select,select:xg,knn,0.9611,122.66
digits_pixels,beyond NLP,classification,1797,64,10,54,27,select,select:xg,svm,0.975,122.66
digits_pixels,beyond NLP,classification,1797,64,10,54,27,select,select:mi,linear,0.9528,122.66
digits_pixels,beyond NLP,classification,1797,64,10,54,27,select,select:mi,knn,0.9722,122.66
digits_pixels,beyond NLP,classification,1797,64,10,54,27,select,select:mi,svm,0.9917,122.66
digits_pixels,beyond NLP,classification,1797,64,10,54,27,select,select:f_test,linear,0.9361,122.66
digits_pixels,beyond NLP,classification,1797,64,10,54,27,select,select:f_test,knn,0.9694,122.66
digits_pixels,beyond NLP,classification,1797,64,10,54,27,select,select:f_test,svm,0.9833,122.66
digits_pixels,beyond NLP,classification,1797,64,10,54,27,select,select:l1,linear,0.9361,122.66
digits_pixels,beyond NLP,classification,1797,64,10,54,27,select,select:l1,knn,0.9694,122.66
digits_pixels,beyond NLP,classification,1797,64,10,54,27,select,select:l1,svm,0.9889,122.66
digits_pixels,beyond NLP,classification,1797,64,10,54,27,dr,dr:PCA,linear,0.9444,0.0
digits_pixels,beyond NLP,classification,1797,64,10,54,27,dr,dr:PCA,knn,0.9528,0.0
digits_pixels,beyond NLP,classification,1797,64,10,54,27,dr,dr:PCA,svm,0.9722,0.0
digits_pixels,beyond NLP,classification,1797,64,10,54,27,dr,dr:RandProj,linear,0.9056,0.0
digits_pixels,beyond NLP,classification,1797,64,10,54,27,dr,dr:RandProj,knn,0.9083,0.0
digits_pixels,beyond NLP,classification,1797,64,10,54,27,dr,dr:RandProj,svm,0.9556,0.0
digits_pixels,beyond NLP,classification,1797,64,10,54,27,dr,dr:ICA,linear,0.9417,0.48
digits_pixels,beyond NLP,classification,1797,64,10,54,27,dr,dr:ICA,knn,0.9611,0.48
digits_pixels,beyond NLP,classification,1797,64,10,54,27,dr,dr:ICA,svm,0.9722,0.48
digits_pixels,beyond NLP,classification,1797,64,10,54,27,dr,dr:KernelPCA,linear,0.9583,0.26
digits_pixels,beyond NLP,classification,1797,64,10,54,27,dr,dr:KernelPCA,knn,0.9556,0.26
digits_pixels,beyond NLP,classification,1797,64,10,54,27,dr,dr:KernelPCA,svm,0.9722,0.26
digits_pixels,beyond NLP,classification,1797,64,10,54,27,dr,dr:Isomap,linear,0.95,0.52
digits_pixels,beyond NLP,classification,1797,64,10,54,27,dr,dr:Isomap,knn,0.925,0.52
digits_pixels,beyond NLP,classification,1797,64,10,54,27,dr,dr:Isomap,svm,0.9389,0.52
digits_pixels,beyond NLP,classification,1797,64,10,54,27,dr,dr:UMAP,linear,0.9472,5.19
digits_pixels,beyond NLP,classification,1797,64,10,54,27,dr,dr:UMAP,knn,0.9583,5.19
digits_pixels,beyond NLP,classification,1797,64,10,54,27,dr,dr:UMAP,svm,0.9556,5.19
digits_pixels,beyond NLP,classification,1797,64,10,54,13,select,select:vote,linear,0.8611,122.66
digits_pixels,beyond NLP,classification,1797,64,10,54,13,select,select:vote,knn,0.9111,122.66
digits_pixels,beyond NLP,classification,1797,64,10,54,13,select,select:vote,svm,0.9333,122.66
digits_pixels,beyond NLP,classification,1797,64,10,54,13,select,select:rf,linear,0.8722,122.66
digits_pixels,beyond NLP,classification,1797,64,10,54,13,select,select:rf,knn,0.9111,122.66
digits_pixels,beyond NLP,classification,1797,64,10,54,13,select,select:rf,svm,0.9389,122.66
digits_pixels,beyond NLP,classification,1797,64,10,54,13,select,select:xg,linear,0.8389,122.66
digits_pixels,beyond NLP,classification,1797,64,10,54,13,select,select:xg,knn,0.9111,122.66
digits_pixels,beyond NLP,classification,1797,64,10,54,13,select,select:xg,svm,0.9083,122.66
digits_pixels,beyond NLP,classification,1797,64,10,54,13,select,select:mi,linear,0.875,122.66
digits_pixels,beyond NLP,classification,1797,64,10,54,13,select,select:mi,knn,0.9222,122.66
digits_pixels,beyond NLP,classification,1797,64,10,54,13,select,select:mi,svm,0.9278,122.66
digits_pixels,beyond NLP,classification,1797,64,10,54,13,select,select:f_test,linear,0.8778,122.66
digits_pixels,beyond NLP,classification,1797,64,10,54,13,select,select:f_test,knn,0.9361,122.66
digits_pixels,beyond NLP,classification,1797,64,10,54,13,select,select:f_test,svm,0.9389,122.66
digits_pixels,beyond NLP,classification,1797,64,10,54,13,select,select:l1,linear,0.8639,122.66
digits_pixels,beyond NLP,classification,1797,64,10,54,13,select,select:l1,knn,0.8917,122.66
digits_pixels,beyond NLP,classification,1797,64,10,54,13,select,select:l1,svm,0.9194,122.66
digits_pixels,beyond NLP,classification,1797,64,10,54,13,dr,dr:PCA,linear,0.9,0.0
digits_pixels,beyond NLP,classification,1797,64,10,54,13,dr,dr:PCA,knn,0.9472,0.0
digits_pixels,beyond NLP,classification,1797,64,10,54,13,dr,dr:PCA,svm,0.9583,0.0
digits_pixels,beyond NLP,classification,1797,64,10,54,13,dr,dr:RandProj,linear,0.8194,0.0
digits_pixels,beyond NLP,classification,1797,64,10,54,13,dr,dr:RandProj,knn,0.8556,0.0
digits_pixels,beyond NLP,classification,1797,64,10,54,13,dr,dr:RandProj,svm,0.8806,0.0
digits_pixels,beyond NLP,classification,1797,64,10,54,13,dr,dr:ICA,linear,0.9,0.03
digits_pixels,beyond NLP,classification,1797,64,10,54,13,dr,dr:ICA,knn,0.9472,0.03
digits_pixels,beyond NLP,classification,1797,64,10,54,13,dr,dr:ICA,svm,0.9583,0.03
digits_pixels,beyond NLP,classification,1797,64,10,54,13,dr,dr:KernelPCA,linear,0.95,0.26
digits_pixels,beyond NLP,classification,1797,64,10,54,13,dr,dr:KernelPCA,knn,0.9472,0.26
digits_pixels,beyond NLP,classification,1797,64,10,54,13,dr,dr:KernelPCA,svm,0.9667,0.26
digits_pixels,beyond NLP,classification,1797,64,10,54,13,dr,dr:Isomap,linear,0.9444,0.51
digits_pixels,beyond NLP,classification,1797,64,10,54,13,dr,dr:Isomap,knn,0.9278,0.51
digits_pixels,beyond NLP,classification,1797,64,10,54,13,dr,dr:Isomap,svm,0.9417,0.51
digits_pixels,beyond NLP,classification,1797,64,10,54,13,dr,dr:UMAP,linear,0.9278,4.64
digits_pixels,beyond NLP,classification,1797,64,10,54,13,dr,dr:UMAP,knn,0.9556,4.64
digits_pixels,beyond NLP,classification,1797,64,10,54,13,dr,dr:UMAP,svm,0.9417,4.64
digits_pixels,beyond NLP,classification,1797,64,10,54,10,select,select:vote,linear,0.8278,122.66
digits_pixels,beyond NLP,classification,1797,64,10,54,10,select,select:vote,knn,0.8833,122.66
digits_pixels,beyond NLP,classification,1797,64,10,54,10,select,select:vote,svm,0.8972,122.66
digits_pixels,beyond NLP,classification,1797,64,10,54,10,select,select:rf,linear,0.8472,122.66
digits_pixels,beyond NLP,classification,1797,64,10,54,10,select,select:rf,knn,0.8972,122.66
digits_pixels,beyond NLP,classification,1797,64,10,54,10,select,select:rf,svm,0.9139,122.66
digits_pixels,beyond NLP,classification,1797,64,10,54,10,select,select:xg,linear,0.8083,122.66
digits_pixels,beyond NLP,classification,1797,64,10,54,10,select,select:xg,knn,0.8222,122.66
digits_pixels,beyond NLP,classification,1797,64,10,54,10,select,select:xg,svm,0.8472,122.66
digits_pixels,beyond NLP,classification,1797,64,10,54,10,select,select:mi,linear,0.8028,122.66
digits_pixels,beyond NLP,classification,1797,64,10,54,10,select,select:mi,knn,0.8444,122.66
digits_pixels,beyond NLP,classification,1797,64,10,54,10,select,select:mi,svm,0.8583,122.66
digits_pixels,beyond NLP,classification,1797,64,10,54,10,select,select:f_test,linear,0.8444,122.66
digits_pixels,beyond NLP,classification,1797,64,10,54,10,select,select:f_test,knn,0.9028,122.66
digits_pixels,beyond NLP,classification,1797,64,10,54,10,select,select:f_test,svm,0.9306,122.66
digits_pixels,beyond NLP,classification,1797,64,10,54,10,select,select:l1,linear,0.8028,122.66
digits_pixels,beyond NLP,classification,1797,64,10,54,10,select,select:l1,knn,0.8389,122.66
digits_pixels,beyond NLP,classification,1797,64,10,54,10,select,select:l1,svm,0.8528,122.66
digits_pixels,beyond NLP,classification,1797,64,10,54,10,dr,dr:PCA,linear,0.8722,0.0
digits_pixels,beyond NLP,classification,1797,64,10,54,10,dr,dr:PCA,knn,0.9056,0.0
digits_pixels,beyond NLP,classification,1797,64,10,54,10,dr,dr:PCA,svm,0.9444,0.0
digits_pixels,beyond NLP,classification,1797,64,10,54,10,dr,dr:RandProj,linear,0.7222,0.0
digits_pixels,beyond NLP,classification,1797,64,10,54,10,dr,dr:RandProj,knn,0.7833,0.0
digits_pixels,beyond NLP,classification,1797,64,10,54,10,dr,dr:RandProj,svm,0.8361,0.0
digits_pixels,beyond NLP,classification,1797,64,10,54,10,dr,dr:ICA,linear,0.8722,0.18
digits_pixels,beyond NLP,classification,1797,64,10,54,10,dr,dr:ICA,knn,0.9056,0.18
digits_pixels,beyond NLP,classification,1797,64,10,54,10,dr,dr:ICA,svm,0.9444,0.18
digits_pixels,beyond NLP,classification,1797,64,10,54,10,dr,dr:KernelPCA,linear,0.8944,0.26
digits_pixels,beyond NLP,classification,1797,64,10,54,10,dr,dr:KernelPCA,knn,0.9194,0.26
digits_pixels,beyond NLP,classification,1797,64,10,54,10,dr,dr:KernelPCA,svm,0.9333,0.26
digits_pixels,beyond NLP,classification,1797,64,10,54,10,dr,dr:Isomap,linear,0.95,0.53
digits_pixels,beyond NLP,classification,1797,64,10,54,10,dr,dr:Isomap,knn,0.9361,0.53
digits_pixels,beyond NLP,classification,1797,64,10,54,10,dr,dr:Isomap,svm,0.9472,0.53
digits_pixels,beyond NLP,classification,1797,64,10,54,10,dr,dr:UMAP,linear,0.925,4.47
digits_pixels,beyond NLP,classification,1797,64,10,54,10,dr,dr:UMAP,knn,0.9556,4.47
digits_pixels,beyond NLP,classification,1797,64,10,54,10,dr,dr:UMAP,svm,0.9444,4.47
digits_pixels,beyond NLP,classification,1797,64,10,54,10,dr,dr:t-SNE,linear,0.9194,96.57
digits_pixels,beyond NLP,classification,1797,64,10,54,10,dr,dr:t-SNE,knn,0.9639,96.57
digits_pixels,beyond NLP,classification,1797,64,10,54,10,dr,dr:t-SNE,svm,0.9694,96.57
digits_pixels,beyond NLP,classification,1797,64,10,54,1,select,select:vote,linear,0.2306,122.66
digits_pixels,beyond NLP,classification,1797,64,10,54,1,select,select:vote,knn,0.2222,122.66
digits_pixels,beyond NLP,classification,1797,64,10,54,1,select,select:vote,svm,0.25,122.66
digits_pixels,beyond NLP,classification,1797,64,10,54,1,select,select:rf,linear,0.2417,122.66
digits_pixels,beyond NLP,classification,1797,64,10,54,1,select,select:rf,knn,0.2361,122.66
digits_pixels,beyond NLP,classification,1797,64,10,54,1,select,select:rf,svm,0.2722,122.66
digits_pixels,beyond NLP,classification,1797,64,10,54,1,select,select:xg,linear,0.2583,122.66
digits_pixels,beyond NLP,classification,1797,64,10,54,1,select,select:xg,knn,0.2417,122.66
digits_pixels,beyond NLP,classification,1797,64,10,54,1,select,select:xg,svm,0.2444,122.66
digits_pixels,beyond NLP,classification,1797,64,10,54,1,select,select:mi,linear,0.2306,122.66
digits_pixels,beyond NLP,classification,1797,64,10,54,1,select,select:mi,knn,0.2222,122.66
digits_pixels,beyond NLP,classification,1797,64,10,54,1,select,select:mi,svm,0.25,122.66
digits_pixels,beyond NLP,classification,1797,64,10,54,1,select,select:f_test,linear,0.2306,122.66
digits_pixels,beyond NLP,classification,1797,64,10,54,1,select,select:f_test,knn,0.2222,122.66
digits_pixels,beyond NLP,classification,1797,64,10,54,1,select,select:f_test,svm,0.25,122.66
digits_pixels,beyond NLP,classification,1797,64,10,54,1,select,select:l1,linear,0.2306,122.66
digits_pixels,beyond NLP,classification,1797,64,10,54,1,select,select:l1,knn,0.2222,122.66
digits_pixels,beyond NLP,classification,1797,64,10,54,1,select,select:l1,svm,0.25,122.66
digits_pixels,beyond NLP,classification,1797,64,10,54,1,dr,dr:PCA,linear,0.3667,0.0
digits_pixels,beyond NLP,classification,1797,64,10,54,1,dr,dr:PCA,knn,0.3167,0.0
digits_pixels,beyond NLP,classification,1797,64,10,54,1,dr,dr:PCA,svm,0.3944,0.0
digits_pixels,beyond NLP,classification,1797,64,10,54,1,dr,dr:RandProj,linear,0.2611,0.0
digits_pixels,beyond NLP,classification,1797,64,10,54,1,dr,dr:RandProj,knn,0.2333,0.0
digits_pixels,beyond NLP,classification,1797,64,10,54,1,dr,dr:RandProj,svm,0.2667,0.0
digits_pixels,beyond NLP,classification,1797,64,10,54,1,dr,dr:ICA,linear,0.3667,0.02
digits_pixels,beyond NLP,classification,1797,64,10,54,1,dr,dr:ICA,knn,0.3167,0.02
digits_pixels,beyond NLP,classification,1797,64,10,54,1,dr,dr:ICA,svm,0.3944,0.02
digits_pixels,beyond NLP,classification,1797,64,10,54,1,dr,dr:KernelPCA,linear,0.3167,0.11
digits_pixels,beyond NLP,classification,1797,64,10,54,1,dr,dr:KernelPCA,knn,0.3083,0.11
digits_pixels,beyond NLP,classification,1797,64,10,54,1,dr,dr:KernelPCA,svm,0.3889,0.11
digits_pixels,beyond NLP,classification,1797,64,10,54,1,dr,dr:Isomap,linear,0.5639,0.38
digits_pixels,beyond NLP,classification,1797,64,10,54,1,dr,dr:Isomap,knn,0.5444,0.38
digits_pixels,beyond NLP,classification,1797,64,10,54,1,dr,dr:Isomap,svm,0.5583,0.38
digits_pixels,beyond NLP,classification,1797,64,10,54,1,dr,dr:UMAP,linear,0.5972,3.99
digits_pixels,beyond NLP,classification,1797,64,10,54,1,dr,dr:UMAP,knn,0.9194,3.99
digits_pixels,beyond NLP,classification,1797,64,10,54,1,dr,dr:UMAP,svm,0.8861,3.99
digits_pixels,beyond NLP,classification,1797,64,10,54,1,dr,dr:t-SNE,linear,0.7083,0.72
digits_pixels,beyond NLP,classification,1797,64,10,54,1,dr,dr:t-SNE,knn,0.9167,0.72
digits_pixels,beyond NLP,classification,1797,64,10,54,1,dr,dr:t-SNE,svm,0.8722,0.72
